time_seconds,response_time,active_users,status_code,success
0.0,134.6,0,200,1
1.0,158.38626925568045,0,200,1
2.0,134.6,1,200,1
3.0,134.6,2,200,1
4.0,170.41,3,200,1
5.0,134.6,4,200,1
5.5,134.6,4,200,1
6.0,166.68892006372363,5,200,1
6.5,134.6,5,200,1
7.0,170.41,5,200,1
7.5,134.6,5,200,1
8.0,148.72539131583127,6,200,1
8.333333333333334,170.41,6,200,1
8.666666666666666,857.4179726731894,6,200,1
9.0,170.41,7,200,1
9.333333333333334,145.44622544704296,7,200,1
9.666666666666666,139.92373415274216,7,200,1
10.0,159.12226542676962,8,200,1
10.25,134.6,8,200,1
10.5,854.8582614753204,8,200,1
10.75,166.22445258096485,8,200,1
11.0,170.41,9,200,1
11.25,134.6,9,200,1
11.5,170.41,9,200,1
11.75,170.41,9,200,1
12.0,157.7210049025481,10,200,1
12.2,170.41,10,200,1
12.4,158.96036132185705,10,200,1
12.6,134.6,10,200,1
12.8,170.41,10,200,1
13.0,134.6,10,200,1
13.2,170.41,10,200,1
13.4,163.82212841614563,10,200,1
13.6,170.41,10,200,1
13.8,170.41,10,200,1
14.0,154.117625987387,11,200,1
14.2,170.41,11,200,1
14.4,140.19623336815468,11,200,1
14.6,137.112311104842,11,200,1
14.8,140.28008268803805,11,200,1
15.0,134.6,12,200,1
15.166666666666666,393.56716661297855,12,200,1
15.333333333333334,170.41,12,200,1
15.5,150.68353519162386,12,200,1
15.666666666666666,170.41,12,200,1
15.833333333333334,147.85635292171725,12,200,1
16.0,134.6,13,200,1
16.142857142857142,170.41,13,200,1
16.285714285714285,134.6,13,200,1
16.428571428571427,134.6,13,200,1
16.571428571428573,134.6,13,200,1
16.714285714285715,134.6,13,200,1
16.857142857142858,150.93166826377387,13,200,1
17.0,134.6,14,200,1
17.142857142857142,139.29965217042738,14,200,1
17.285714285714285,155.66330193264176,14,200,1
17.428571428571427,170.41,14,200,1
17.571428571428573,156.62878984712955,14,200,1
17.714285714285715,170.41,14,200,1
17.857142857142858,156.3491760975995,14,200,1
18.0,159.20653478240092,15,200,1
18.125,157.61711210988813,15,200,1
18.25,134.6,15,200,1
18.375,134.6,15,200,1
18.5,168.44085335789816,15,200,1
18.625,170.41,15,200,1
18.75,161.18179044231502,15,200,1
18.875,134.6,15,200,1
19.0,134.6,15,200,1
19.125,149.2771703363403,15,200,1
19.25,170.41,15,200,1
19.375,134.6,15,200,1
19.5,981.2634576962857,15,200,1
19.625,163.25706358111157,15,200,1
19.75,135.41657964524043,15,200,1
19.875,170.41,15,200,1
20.0,170.0356329595578,16,200,1
20.125,151.64383583704856,16,200,1
20.25,170.41,16,200,1
20.375,150.41942367358456,16,200,1
20.5,170.41,16,200,1
20.625,134.6,16,200,1
20.75,170.41,16,200,1
20.875,149.10756916747053,16,200,1
21.0,134.6,17,200,1
21.11111111111111,134.6,17,200,1
21.22222222222222,134.6,17,200,1
21.333333333333332,159.52981464978907,17,200,1
21.444444444444443,134.6,17,200,1
21.555555555555557,138.9198120070796,17,200,1
21.666666666666668,170.41,17,200,1
21.77777777777778,170.41,17,200,1
21.88888888888889,170.41,17,200,1
22.0,134.6,18,200,1
22.11111111111111,134.6,18,200,1
22.22222222222222,170.41,18,200,1
22.333333333333332,170.41,18,200,1
22.444444444444443,824.4154162366266,18,200,1
22.555555555555557,170.41,18,200,1
22.666666666666668,170.41,18,200,1
22.77777777777778,134.6,18,200,1
22.88888888888889,162.10605493133838,18,200,1
23.0,170.41,19,200,1
23.1,141.36902558781446,19,200,1
23.2,134.6,19,200,1
23.3,170.41,19,200,1
23.4,134.6,19,200,1
23.5,154.8175996147868,19,200,1
23.6,134.6,19,200,1
23.7,170.41,19,200,1
23.8,134.6,19,200,1
23.9,157.25737583741378,19,200,1
24.0,134.6,20,200,1
24.1,134.6,20,200,1
24.2,170.41,20,200,1
24.3,170.41,20,200,1
24.4,167.6390876548013,20,200,1
24.5,148.26759233493559,20,200,1
24.6,152.3837748201689,20,200,1
24.7,142.40788913029982,20,200,1
24.8,170.41,20,200,1
24.9,170.41,20,200,1
25.0,149.5154523961403,20,200,1
25.1,158.5430256444008,20,200,1
25.2,145.01460012703907,20,200,1
25.3,134.6,20,200,1
25.4,134.6,20,200,1
25.5,148.52531559816455,20,200,1
25.6,134.6,20,200,1
25.7,134.6,20,200,1
25.8,139.31977240725715,20,200,1
25.9,156.18461455447553,20,200,1
26.0,134.6,21,200,1
26.09090909090909,134.6,21,200,1
26.181818181818183,134.6,21,200,1
26.272727272727273,134.6,21,200,1
26.363636363636363,142.5339707163246,21,200,1
26.454545454545453,148.32373536107372,21,200,1
26.545454545454547,134.6,21,200,1
26.636363636363637,158.4999132897476,21,200,1
26.727272727272727,134.6,21,200,1
26.818181818181817,169.4411077851735,21,200,1
26.90909090909091,181.18263246233113,21,200,1
27.0,136.94245678818356,22,200,1
27.09090909090909,162.9936763517514,22,200,1
27.181818181818183,150.50845150985475,22,200,1
27.272727272727273,170.41,22,200,1
27.363636363636363,170.41,22,200,1
27.454545454545453,959.459694300358,22,200,1
27.545454545454547,134.6,22,200,1
27.636363636363637,134.6,22,200,1
27.727272727272727,159.06680944669225,22,200,1
27.818181818181817,170.41,22,200,1
27.90909090909091,134.6,22,200,1
28.0,170.41,23,200,1
28.083333333333332,170.41,23,200,1
28.166666666666668,134.91888743162608,23,200,1
28.25,145.47923248806754,23,200,1
28.333333333333332,170.41,23,200,1
28.416666666666668,149.04614689020804,23,200,1
28.5,150.28898812112647,23,200,1
28.583333333333332,134.6,23,200,1
28.666666666666668,144.65022369503592,23,200,1
28.75,134.6,23,200,1
28.833333333333332,170.41,23,200,1
28.916666666666668,170.41,23,200,1
29.0,150.90056533943022,24,200,1
29.076923076923077,168.1080050267465,24,200,1
29.153846153846153,170.41,24,200,1
29.23076923076923,170.41,24,200,1
29.307692307692307,134.6,24,200,1
29.384615384615383,170.41,24,200,1
29.46153846153846,151.09639437134004,24,200,1
29.53846153846154,134.6,24,200,1
29.615384615384617,607.0223428868203,24,200,1
29.692307692307693,147.23590062225648,24,200,1
29.76923076923077,134.6,24,200,1
29.846153846153847,163.41193478066583,24,200,1
29.923076923076923,135.58865960977332,24,200,1
30.0,134.72545860019096,25,200,1
30.076923076923077,134.6,25,200,1
30.153846153846153,143.18653556950994,25,200,1
30.23076923076923,164.21343096478287,25,200,1
30.307692307692307,170.41,25,200,1
30.384615384615383,170.41,25,200,1
30.46153846153846,134.6,25,200,1
30.53846153846154,170.41,25,200,1
30.615384615384617,139.6372528482292,25,200,1
30.692307692307693,170.41,25,200,1
30.76923076923077,134.6,25,200,1
30.846153846153847,170.41,25,200,1
30.923076923076923,134.6,25,200,1
31.0,134.6,25,200,1
31.076923076923077,134.6,25,200,1
31.153846153846153,170.41,25,200,1
31.23076923076923,168.35392103404325,25,200,1
31.307692307692307,135.77265524586417,25,200,1
31.384615384615383,170.41,25,200,1
31.46153846153846,134.6,25,200,1
31.53846153846154,170.41,25,200,1
31.615384615384617,135.24840331348724,25,200,1
31.692307692307693,134.6,25,200,1
31.76923076923077,134.6,25,200,1
31.846153846153847,169.2772754779098,25,200,1
31.923076923076923,937.5176207510937,25,200,1
32.0,163.8063120130788,25,200,1
32.07692307692308,134.6,25,200,1
32.15384615384615,134.6,25,200,1
32.23076923076923,165.88128715336708,25,200,1
32.30769230769231,156.62401665626228,25,200,1
32.38461538461539,134.6,25,200,1
32.46153846153846,134.6,25,200,1
32.53846153846154,150.30143763446017,25,200,1
32.61538461538461,456.1154363395467,25,200,1
32.69230769230769,170.41,25,200,1
32.76923076923077,170.41,25,200,1
32.84615384615385,153.94419863057652,25,200,1
32.92307692307692,151.55197212431912,25,200,1
33.0,145.3210793231312,25,200,1
33.07692307692308,152.2766358662221,25,200,1
33.15384615384615,165.07384132895535,25,200,1
33.23076923076923,170.41,25,200,1
33.30769230769231,141.44184918520318,25,200,1
33.38461538461539,170.41,25,200,1
33.46153846153846,134.6,25,200,1
33.53846153846154,149.36803870037895,25,200,1
33.61538461538461,134.6,25,200,1
33.69230769230769,157.43453687673713,25,200,1
33.76923076923077,164.05826154825655,25,200,1
33.84615384615385,170.41,25,200,1
33.92307692307692,134.6,25,200,1
34.0,134.6,25,200,1
34.07692307692308,138.54134892170893,25,200,1
34.15384615384615,170.41,25,200,1
34.23076923076923,170.41,25,200,1
34.30769230769231,135.6495827905613,25,200,1
34.38461538461539,170.41,25,200,1
34.46153846153846,170.41,25,200,1
34.53846153846154,153.96995419423092,25,200,1
34.61538461538461,170.41,25,200,1
34.69230769230769,154.2658474072821,25,200,1
34.76923076923077,170.41,25,200,1
34.84615384615385,170.41,25,200,1
34.92307692307692,166.4671976064219,25,200,1
35.0,134.6,25,200,1
35.07692307692308,170.41,25,200,1
35.15384615384615,170.41,25,200,1
35.23076923076923,164.49226252113587,25,200,1
35.30769230769231,170.41,25,200,1
35.38461538461539,134.6,25,200,1
35.46153846153846,134.6,25,200,1
35.53846153846154,141.1258282598514,25,200,1
35.61538461538461,170.41,25,200,1
35.69230769230769,144.20848468339335,25,200,1
35.76923076923077,134.6,25,200,1
35.84615384615385,164.27537867292378,25,200,1
35.92307692307692,148.91081832261753,25,200,1
36.0,153.60254660082936,25,200,1
36.07692307692308,145.4701747878345,25,200,1
36.15384615384615,153.50668057742735,25,200,1
36.23076923076923,170.41,25,200,1
36.30769230769231,134.6,25,200,1
36.38461538461539,157.52092294240862,25,200,1
36.46153846153846,141.30193227040772,25,200,1
36.53846153846154,138.1136106586236,25,200,1
36.61538461538461,146.81775425329636,25,200,1
36.69230769230769,134.6,25,200,1
36.76923076923077,134.6,25,200,1
36.84615384615385,163.79321957330757,25,200,1
36.92307692307692,134.6,25,200,1
37.0,155.87746740950814,25,200,1
37.07692307692308,156.41655350346318,25,200,1
37.15384615384615,134.6,25,200,1
37.23076923076923,170.41,25,200,1
37.30769230769231,170.41,25,200,1
37.38461538461539,134.6,25,200,1
37.46153846153846,134.6,25,200,1
37.53846153846154,134.6,25,200,1
37.61538461538461,170.41,25,200,1
37.69230769230769,147.9681252125441,25,200,1
37.76923076923077,170.41,25,200,1
37.84615384615385,168.9084774152733,25,200,1
37.92307692307692,636.3344654766935,25,200,1
38.0,154.72188000629876,25,200,1
38.07692307692308,134.6,25,200,1
38.15384615384615,156.51405342839857,25,200,1
38.23076923076923,170.41,25,200,1
38.30769230769231,134.6,25,200,1
38.38461538461539,134.6,25,200,1
38.46153846153846,154.45154071259842,25,200,1
38.53846153846154,134.6,25,200,1
38.61538461538461,134.6,25,200,1
38.69230769230769,170.41,25,200,1
38.76923076923077,134.6,25,200,1
38.84615384615385,169.74382758904093,25,200,1
38.92307692307692,170.41,25,200,1
39.0,146.02952830599935,25,200,1
39.07692307692308,147.84811272998147,25,200,1
39.15384615384615,170.41,25,200,1
39.23076923076923,167.7218376535953,25,200,1
39.30769230769231,170.41,25,200,1
39.38461538461539,146.67352134825882,25,200,1
39.46153846153846,167.37237372086406,25,200,1
39.53846153846154,165.5594399584905,25,200,1
39.61538461538461,170.41,25,200,1
39.69230769230769,161.68317132933012,25,200,1
39.76923076923077,155.0745239483431,25,200,1
39.84615384615385,134.6,25,200,1
39.92307692307692,1007.3228319661276,25,200,1
40.0,170.41,25,200,1
40.07692307692308,134.6,25,200,1
40.15384615384615,163.80977090325948,25,200,1
40.23076923076923,141.11713045281692,25,200,1
40.30769230769231,152.90957501656868,25,200,1
40.38461538461539,170.41,25,200,1
40.46153846153846,157.31813301225873,25,200,1
40.53846153846154,170.13361299713776,25,200,1
40.61538461538461,481.24938915300527,25,200,1
40.69230769230769,150.29007857239887,25,200,1
40.76923076923077,135.6238259177278,25,200,1
40.84615384615385,170.41,25,200,1
40.92307692307692,134.6,25,200,1
41.0,134.6,25,200,1
41.07692307692308,147.85715342339643,25,200,1
41.15384615384615,155.8644463054725,25,200,1
41.23076923076923,170.41,25,200,1
41.30769230769231,142.51784019665277,25,200,1
41.38461538461539,153.84661385616837,25,200,1
41.46153846153846,163.55421373963466,25,200,1
41.53846153846154,134.6,25,200,1
41.61538461538461,134.6,25,200,1
41.69230769230769,953.7182677019339,25,200,1
41.76923076923077,324.5350983357238,25,200,1
41.84615384615385,134.6,25,200,1
41.92307692307692,162.92781243807434,25,200,1
42.0,170.41,25,200,1
42.07692307692308,170.41,25,200,1
42.15384615384615,157.4024996050062,25,200,1
42.23076923076923,158.84945429223362,25,200,1
42.30769230769231,134.6,25,200,1
42.38461538461539,134.6,25,200,1
42.46153846153846,134.6,25,200,1
42.53846153846154,155.5539576239031,25,200,1
42.61538461538461,134.6,25,200,1
42.69230769230769,170.41,25,200,1
42.76923076923077,166.47851954835556,25,200,1
42.84615384615385,170.41,25,200,1
42.92307692307692,170.41,25,200,1
43.0,170.41,25,200,1
43.07692307692308,143.9135578043247,25,200,1
43.15384615384615,153.25884015461148,25,200,1
43.23076923076923,149.74596333735298,25,200,1
43.30769230769231,170.41,25,200,1
43.38461538461539,730.3926471301434,25,200,1
43.46153846153846,170.41,25,200,1
43.53846153846154,155.25148677863217,25,200,1
43.61538461538461,473.41471948174785,25,200,1
43.69230769230769,135.59609982591437,25,200,1
43.76923076923077,154.6696118085258,25,200,1
43.84615384615385,170.41,25,200,1
43.92307692307692,134.6,25,200,1
44.0,834.8339149920716,25,200,1
44.07692307692308,144.9879383163839,25,200,1
44.15384615384615,134.6,25,200,1
44.23076923076923,134.6,25,200,1
44.30769230769231,143.59724870674802,25,200,1
44.38461538461539,170.41,25,200,1
44.46153846153846,304.2941200643297,25,200,1
44.53846153846154,170.41,25,200,1
44.61538461538461,134.6,25,200,1
44.69230769230769,134.6,25,200,1
44.76923076923077,134.6,25,200,1
44.84615384615385,170.41,25,200,1
44.92307692307692,159.09567536443527,25,200,1
45.0,162.49119735996138,25,200,1
45.07692307692308,154.74200739137035,25,200,1
45.15384615384615,170.0027138934707,25,200,1
45.23076923076923,134.6,25,200,1
45.30769230769231,170.41,25,200,1
45.38461538461539,170.41,25,200,1
45.46153846153846,134.6,25,200,1
45.53846153846154,135.42122242540097,25,200,1
45.61538461538461,134.6,25,200,1
45.69230769230769,134.6,25,200,1
45.76923076923077,296.7052246290402,25,200,1
45.84615384615385,147.4692512368041,25,200,1
45.92307692307692,134.6,25,200,1
46.0,150.01144642327483,25,200,1
46.07692307692308,154.70892746662972,25,200,1
46.15384615384615,134.6,25,200,1
46.23076923076923,157.09415352560626,25,200,1
46.30769230769231,134.6,25,200,1
46.38461538461539,170.41,25,200,1
46.46153846153846,159.54831234898347,25,200,1
46.53846153846154,152.30057457916408,25,200,1
46.61538461538461,170.41,25,200,1
46.69230769230769,137.88638529426763,25,200,1
46.76923076923077,154.9810719167902,25,200,1
46.84615384615385,134.6,25,200,1
46.92307692307692,134.6,25,200,1
47.0,134.6,25,200,1
47.07692307692308,746.8001590661536,25,200,1
47.15384615384615,170.41,25,200,1
47.23076923076923,141.22584146860763,25,200,1
47.30769230769231,134.6,25,200,1
47.38461538461539,134.6,25,200,1
47.46153846153846,134.6,25,200,1
47.53846153846154,170.41,25,200,1
47.61538461538461,135.22534442028868,25,200,1
47.69230769230769,168.3148706733948,25,200,1
47.76923076923077,134.6,25,200,1
47.84615384615385,134.6,25,200,1
47.92307692307692,160.67623761869916,25,200,1
48.0,148.12905087401674,25,200,1
48.07692307692308,170.41,25,200,1
48.15384615384615,170.41,25,200,1
48.23076923076923,134.6,25,200,1
48.30769230769231,134.6,25,200,1
48.38461538461539,170.41,25,200,1
48.46153846153846,151.17760227199227,25,200,1
48.53846153846154,134.6,25,200,1
48.61538461538461,170.41,25,200,1
48.69230769230769,170.41,25,200,1
48.76923076923077,139.31235144484876,25,200,1
48.84615384615385,170.41,25,200,1
48.92307692307692,141.1762429817511,25,200,1
49.0,143.0430941939475,25,200,1
49.07692307692308,170.41,25,200,1
49.15384615384615,146.48642167752664,25,200,1
49.23076923076923,170.41,25,200,1
49.30769230769231,159.2077338352904,25,200,1
49.38461538461539,170.41,25,200,1
49.46153846153846,134.6,25,200,1
49.53846153846154,134.6,25,200,1
49.61538461538461,170.41,25,200,1
49.69230769230769,153.3691741573654,25,200,1
49.76923076923077,159.75780873143924,25,200,1
49.84615384615385,170.41,25,200,1
49.92307692307692,170.41,25,200,1
50.0,157.90187888388792,25,200,1
50.07692307692308,134.6,25,200,1
50.15384615384615,158.45937516167822,25,200,1
50.23076923076923,161.4539562196183,25,200,1
50.30769230769231,170.41,25,200,1
50.38461538461539,134.6,25,200,1
50.46153846153846,144.42164472934542,25,200,1
50.53846153846154,152.62941563147558,25,200,1
50.61538461538461,170.41,25,200,1
50.69230769230769,134.6,25,200,1
50.76923076923077,170.41,25,200,1
50.84615384615385,170.41,25,200,1
50.92307692307692,134.6,25,200,1
51.0,170.41,25,200,1
51.07692307692308,170.41,25,200,1
51.15384615384615,170.41,25,200,1
51.23076923076923,170.41,25,200,1
51.30769230769231,157.26331822296007,25,200,1
51.38461538461539,134.6,25,200,1
51.46153846153846,140.53205756106118,25,200,1
51.53846153846154,154.24688803304826,25,200,1
51.61538461538461,170.41,25,200,1
51.69230769230769,134.6,25,200,1
51.76923076923077,142.20087405938858,25,200,1
51.84615384615385,134.6,25,200,1
51.92307692307692,158.41246643489646,25,200,1
52.0,155.55771508417746,25,200,1
52.07692307692308,170.41,25,200,1
52.15384615384615,150.3449551741588,25,200,1
52.23076923076923,150.0987393806692,25,200,1
52.30769230769231,134.6,25,200,1
52.38461538461539,134.6,25,200,1
52.46153846153846,134.6,25,200,1
52.53846153846154,157.19788816270037,25,200,1
52.61538461538461,167.76260796039602,25,200,1
52.69230769230769,161.2121095239107,25,200,1
52.76923076923077,170.41,25,200,1
52.84615384615385,170.41,25,200,1
52.92307692307692,134.6,25,200,1
53.0,170.41,25,200,1
53.07692307692308,284.2071426860857,25,200,1
53.15384615384615,134.6,25,200,1
53.23076923076923,165.6653011824746,25,200,1
53.30769230769231,134.6,25,200,1
53.38461538461539,134.6,25,200,1
53.46153846153846,134.6,25,200,1
53.53846153846154,169.77548712478236,25,200,1
53.61538461538461,134.6,25,200,1
53.69230769230769,757.0046923554028,25,200,1
53.76923076923077,134.6,25,200,1
53.84615384615385,165.51585880107183,25,200,1
53.92307692307692,151.15328854547877,25,200,1
54.0,145.5779103451584,25,200,1
54.07692307692308,134.6,25,200,1
54.15384615384615,134.6,25,200,1
54.23076923076923,139.46798918498817,25,200,1
54.30769230769231,170.41,25,200,1
54.38461538461539,160.60221862148558,25,200,1
54.46153846153846,169.97606017443283,25,200,1
54.53846153846154,170.41,25,200,1
54.61538461538461,134.6,25,200,1
54.69230769230769,164.0169657328017,25,200,1
54.76923076923077,148.70922039616505,25,200,1
54.84615384615385,170.41,25,200,1
54.92307692307692,151.32671463882937,25,200,1
55.0,145.94526390727415,25,200,1
55.07692307692308,134.6,25,200,1
55.15384615384615,170.41,25,200,1
55.23076923076923,149.72917850413788,25,200,1
55.30769230769231,148.61845451792888,25,200,1
55.38461538461539,148.1447472224871,25,200,1
55.46153846153846,170.41,25,200,1
55.53846153846154,134.6,25,200,1
55.61538461538461,139.80101875372668,25,200,1
55.69230769230769,150.57692146358605,25,200,1
55.76923076923077,164.66319083923472,25,200,1
55.84615384615385,134.6,25,200,1
55.92307692307692,144.5993607657217,25,200,1
56.0,142.53409818944024,25,200,1
56.07692307692308,221.6214890166897,25,200,1
56.15384615384615,382.39771816761703,25,200,1
56.23076923076923,170.41,25,200,1
56.30769230769231,137.33087069747927,25,200,1
56.38461538461539,891.8399895658796,25,200,1
56.46153846153846,153.96465426989727,25,200,1
56.53846153846154,134.6,25,200,1
56.61538461538461,142.66757460822677,25,200,1
56.69230769230769,170.41,25,200,1
56.76923076923077,139.46079542865914,25,200,1
56.84615384615385,137.22998319711107,25,200,1
56.92307692307692,148.43757901148723,25,200,1
57.0,134.6,25,200,1
57.07692307692308,147.9686985426998,25,200,1
57.15384615384615,134.6,25,200,1
57.23076923076923,147.69624427011314,25,200,1
57.30769230769231,134.6,25,200,1
57.38461538461539,134.6,25,200,1
57.46153846153846,170.41,25,200,1
57.53846153846154,134.6,25,200,1
57.61538461538461,146.25933230002715,25,200,1
57.69230769230769,170.41,25,200,1
57.76923076923077,134.6,25,200,1
57.84615384615385,153.90447204152787,25,200,1
57.92307692307692,142.07134835054342,25,200,1
58.0,151.57129561963956,25,200,1
58.07692307692308,134.6,25,200,1
58.15384615384615,170.41,25,200,1
58.23076923076923,135.44792321596816,25,200,1
58.30769230769231,135.90519924476186,25,200,1
58.38461538461539,166.96914991913457,25,200,1
58.46153846153846,170.41,25,200,1
58.53846153846154,167.99816850359113,25,200,1
58.61538461538461,170.41,25,200,1
58.69230769230769,170.41,25,200,1
58.76923076923077,170.41,25,200,1
58.84615384615385,165.47101099659787,25,200,1
58.92307692307692,142.62559741836915,25,200,1
59.0,166.1446409348413,25,200,1
59.07692307692308,153.28819050660294,25,200,1
59.15384615384615,134.6,25,200,1
59.23076923076923,170.41,25,200,1
59.30769230769231,170.41,25,200,1
59.38461538461539,134.6,25,200,1
59.46153846153846,134.6,25,200,1
59.53846153846154,1001.2264172170615,25,200,1
59.61538461538461,163.86536825753313,25,200,1
59.69230769230769,134.6,25,200,1
59.76923076923077,166.35074775048915,25,200,1
59.84615384615385,156.05914817881057,25,200,1
59.92307692307692,170.41,25,200,1
60.0,170.41,25,200,1
60.07692307692308,168.9359942781168,25,200,1
60.15384615384615,142.6657054445367,25,200,1
60.23076923076923,134.6,25,200,1
60.30769230769231,134.6,25,200,1
60.38461538461539,162.12937825425934,25,200,1
60.46153846153846,134.6,25,200,1
60.53846153846154,168.19449475900242,25,200,1
60.61538461538461,170.40107207339537,25,200,1
60.69230769230769,137.78777439701136,25,200,1
60.76923076923077,155.58066176343965,25,200,1
60.84615384615385,170.41,25,200,1
60.92307692307692,134.6,25,200,1
61.0,170.41,25,200,1
61.07692307692308,134.6,25,200,1
61.15384615384615,154.38556870660136,25,200,1
61.23076923076923,170.41,25,200,1
61.30769230769231,166.53426749331283,25,200,1
61.38461538461539,143.82224231045268,25,200,1
61.46153846153846,135.39377514713237,25,200,1
61.53846153846154,134.6,25,200,1
61.61538461538461,143.12320862156855,25,200,1
61.69230769230769,170.41,25,200,1
61.76923076923077,167.67431034267216,25,200,1
61.84615384615385,170.41,25,200,1
61.92307692307692,166.2237054138884,25,200,1
62.0,170.41,25,200,1
62.07692307692308,170.41,25,200,1
62.15384615384615,153.08531066052183,25,200,1
62.23076923076923,134.6,25,200,1
62.30769230769231,164.18398397343302,25,200,1
62.38461538461539,134.6,25,200,1
62.46153846153846,148.07066115740213,25,200,1
62.53846153846154,170.41,25,200,1
62.61538461538461,134.6,25,200,1
62.69230769230769,157.87675919282404,25,200,1
62.76923076923077,145.90761191057996,25,200,1
62.84615384615385,142.82500306723028,25,200,1
62.92307692307692,170.41,25,200,1
63.0,134.6,25,200,1
63.07692307692308,134.6,25,200,1
63.15384615384615,170.41,25,200,1
63.23076923076923,150.88484957752223,25,200,1
63.30769230769231,164.25363802479265,25,200,1
63.38461538461539,170.41,25,200,1
63.46153846153846,134.6,25,200,1
63.53846153846154,709.7538070636053,25,200,1
63.61538461538461,136.18202657347726,25,200,1
63.69230769230769,134.6,25,200,1
63.76923076923077,140.08937295091604,25,200,1
63.84615384615385,153.42565136328471,25,200,1
63.92307692307692,134.6,25,200,1
64.0,147.16335401336292,25,200,1
64.07692307692308,170.41,25,200,1
64.15384615384616,134.6,25,200,1
64.23076923076923,134.6,25,200,1
64.3076923076923,147.13661746471666,25,200,1
64.38461538461539,170.41,25,200,1
64.46153846153847,134.6,25,200,1
64.53846153846153,138.15582296959553,25,200,1
64.61538461538461,854.6523778783076,25,200,1
64.6923076923077,164.11893078669215,25,200,1
64.76923076923077,143.51566913309833,25,200,1
64.84615384615384,170.41,25,200,1
64.92307692307692,152.26296628499352,25,200,1
65.0,134.6,25,200,1
65.07692307692308,135.5696485910737,25,200,1
65.15384615384616,170.41,25,200,1
65.23076923076923,134.6,25,200,1
65.3076923076923,170.41,25,200,1
65.38461538461539,295.12403442489506,25,200,1
65.46153846153847,157.76331503484775,25,200,1
65.53846153846153,170.41,25,200,1
65.61538461538461,154.5931112620007,25,200,1
65.6923076923077,540.6757335413137,25,200,1
65.76923076923077,156.07358926310093,25,200,1
65.84615384615384,143.31721807669453,25,200,1
65.92307692307692,170.41,25,200,1
66.0,166.15031663195384,25,200,1
66.07692307692308,158.59156271518373,25,200,1
66.15384615384616,153.90643095135655,25,200,1
66.23076923076923,170.41,25,200,1
66.3076923076923,134.6,25,200,1
66.38461538461539,134.6,25,200,1
66.46153846153847,170.41,25,200,1
66.53846153846153,165.17063219390064,25,200,1
66.61538461538461,170.41,25,200,1
66.6923076923077,139.2919410678247,25,200,1
66.76923076923077,160.91227463004356,25,200,1
66.84615384615384,148.1695032328913,25,200,1
66.92307692307692,135.05462612104844,25,200,1
67.0,154.8801322325814,25,200,1
67.07692307692308,170.41,25,200,1
67.15384615384616,134.6,25,200,1
67.23076923076923,164.19314794714316,25,200,1
67.3076923076923,154.23758630259732,25,200,1
67.38461538461539,161.09357996601724,25,200,1
67.46153846153847,141.70582956076902,25,200,1
67.53846153846153,170.41,25,200,1
67.61538461538461,145.30528969978974,25,200,1
67.6923076923077,134.6,25,200,1
67.76923076923077,146.1940999195467,25,200,1
67.84615384615384,164.16926445808738,25,200,1
67.92307692307692,141.1612190349061,25,200,1
68.0,814.4657669818482,25,200,1
68.07692307692308,168.52503509547503,25,200,1
68.15384615384616,137.3814963136707,25,200,1
68.23076923076923,134.6,25,200,1
68.3076923076923,140.0677480671925,25,200,1
68.38461538461539,161.64430339653575,25,200,1
68.46153846153847,170.41,25,200,1
68.53846153846153,170.41,25,200,1
68.61538461538461,134.6,25,200,1
68.6923076923077,134.6,25,200,1
68.76923076923077,149.96389567118254,25,200,1
68.84615384615384,156.78580129190627,25,200,1
68.92307692307692,168.00540747008506,25,200,1
69.0,134.6,25,200,1
69.07692307692308,134.6,25,200,1
69.15384615384616,170.41,25,200,1
69.23076923076923,134.6,25,200,1
69.3076923076923,134.6,25,200,1
69.38461538461539,149.78815130695094,25,200,1
69.46153846153847,702.7730467924733,25,200,1
69.53846153846153,134.6,25,200,1
69.61538461538461,154.6850208020546,25,200,1
69.6923076923077,136.10623835832502,25,200,1
69.76923076923077,134.6,25,200,1
69.84615384615384,134.6,25,200,1
69.92307692307692,170.41,25,200,1
70.0,139.68237210360914,25,200,1
70.07692307692308,134.6,25,200,1
70.15384615384616,144.12156561361658,25,200,1
70.23076923076923,168.88116479654195,25,200,1
70.3076923076923,170.41,25,200,1
70.38461538461539,149.52461827415308,25,200,1
70.46153846153847,134.6,25,200,1
70.53846153846153,134.6,25,200,1
70.61538461538461,134.6,25,200,1
70.6923076923077,898.2462498070913,25,200,1
70.76923076923077,170.41,25,200,1
70.84615384615384,153.20386931817268,25,200,1
70.92307692307692,134.6,25,200,1
71.0,134.6,25,200,1
71.07692307692308,139.7516931543874,25,200,1
71.15384615384616,164.13407558266974,25,200,1
71.23076923076923,143.87811740907748,25,200,1
71.3076923076923,155.04582867886143,25,200,1
71.38461538461539,170.41,25,200,1
71.46153846153847,150.62757620561294,25,200,1
71.53846153846153,134.6,25,200,1
71.61538461538461,170.41,25,200,1
71.6923076923077,134.6,25,200,1
71.76923076923077,170.41,25,200,1
71.84615384615384,170.41,25,200,1
71.92307692307692,134.6,25,200,1
72.0,134.6,25,200,1
72.07692307692308,134.6,25,200,1
72.15384615384616,134.6,25,200,1
72.23076923076923,134.6,25,200,1
72.3076923076923,170.41,25,200,1
72.38461538461539,134.6,25,200,1
72.46153846153847,136.08079570534628,25,200,1
72.53846153846153,144.40525693100966,25,200,1
72.61538461538461,134.6,25,200,1
72.6923076923077,170.41,25,200,1
72.76923076923077,135.12970475659864,25,200,1
72.84615384615384,145.84881931263777,25,200,1
72.92307692307692,161.0768962658707,25,200,1
73.0,134.6,25,200,1
73.07692307692308,138.3191886536745,25,200,1
73.15384615384616,156.02411021893562,25,200,1
73.23076923076923,426.0266235931325,25,200,1
73.3076923076923,170.41,25,200,1
73.38461538461539,134.6,25,200,1
73.46153846153847,153.14655947587366,25,200,1
73.53846153846153,134.6,25,200,1
73.61538461538461,134.6,25,200,1
73.6923076923077,134.6,25,200,1
73.76923076923077,170.41,25,200,1
73.84615384615384,134.6,25,200,1
73.92307692307692,140.37336628085404,25,200,1
74.0,134.6,25,200,1
74.07692307692308,163.68070946953713,25,200,1
74.15384615384616,156.4458596399854,25,200,1
74.23076923076923,162.81696726883106,25,200,1
74.3076923076923,156.90406205639678,25,200,1
74.38461538461539,138.6704204202381,25,200,1
74.46153846153847,160.1192955296193,25,200,1
74.53846153846153,148.0186119340887,25,200,1
74.61538461538461,134.6,25,200,1
74.6923076923077,134.6,25,200,1
74.76923076923077,170.41,25,200,1
74.84615384615384,155.5376083849381,25,200,1
74.92307692307692,165.43478978865068,25,200,1
75.0,151.55753352641878,25,200,1
75.07692307692308,166.5649320760795,25,200,1
75.15384615384616,134.6,25,200,1
75.23076923076923,170.41,25,200,1
75.3076923076923,170.41,25,200,1
75.38461538461539,134.6,25,200,1
75.46153846153847,178.2656182289186,25,200,1
75.53846153846153,170.41,25,200,1
75.61538461538461,164.2269407248183,25,200,1
75.6923076923077,170.20087121240047,25,200,1
75.76923076923077,166.29533676960077,25,200,1
75.84615384615384,162.27985358750456,25,200,1
75.92307692307692,134.6,25,200,1
76.0,134.6,25,200,1
76.07692307692308,149.78902126154398,25,200,1
76.15384615384616,167.013112418499,25,200,1
76.23076923076923,143.55347048660516,25,200,1
76.3076923076923,151.3470631604459,25,200,1
76.38461538461539,170.41,25,200,1
76.46153846153847,134.6,25,200,1
76.53846153846153,134.6,25,200,1
76.61538461538461,705.291965954207,25,200,1
76.6923076923077,144.94391831660138,25,200,1
76.76923076923077,134.6,25,200,1
76.84615384615384,154.3646717436755,25,200,1
76.92307692307692,170.41,25,200,1
77.0,134.6,25,200,1
77.07692307692308,160.5753626706493,25,200,1
77.15384615384616,134.6,25,200,1
77.23076923076923,134.6,25,200,1
77.3076923076923,153.42682337942017,25,200,1
77.38461538461539,139.1259511316783,25,200,1
77.46153846153847,153.51126818395267,25,200,1
77.53846153846153,134.6,25,200,1
77.61538461538461,139.84564631508846,25,200,1
77.6923076923077,156.7085512550193,25,200,1
77.76923076923077,154.6547203807027,25,200,1
77.84615384615384,249.54819848226055,25,200,1
77.92307692307692,170.41,25,200,1
78.0,134.6,25,200,1
78.07692307692308,154.5926936233699,25,200,1
78.15384615384616,793.0786719153148,25,200,1
78.23076923076923,150.92594059960095,25,200,1
78.3076923076923,144.7375688027712,25,200,1
78.38461538461539,135.48426407125464,25,200,1
78.46153846153847,134.6,25,200,1
78.53846153846153,134.6,25,200,1
78.61538461538461,158.61980560032788,25,200,1
78.6923076923077,157.83752548049122,25,200,1
78.76923076923077,168.8555718202088,25,200,1
78.84615384615384,134.6,25,200,1
78.92307692307692,134.6,25,200,1
79.0,170.41,25,200,1
79.07692307692308,139.10439902914672,25,200,1
79.15384615384616,166.85171532277,25,200,1
79.23076923076923,170.41,25,200,1
79.3076923076923,134.6,25,200,1
79.38461538461539,142.0827517210049,25,200,1
79.46153846153847,134.6,25,200,1
79.53846153846153,148.31646441226917,25,200,1
79.61538461538461,141.0616368878362,25,200,1
79.6923076923077,170.19262481120936,25,200,1
79.76923076923077,281.68641084628734,25,200,1
79.84615384615384,170.27613454013087,25,200,1
79.92307692307692,170.41,25,200,1
80.0,134.6,25,200,1
80.07692307692308,170.41,25,200,1
80.15384615384616,134.6,25,200,1
80.23076923076923,168.84780810112457,25,200,1
80.3076923076923,169.04870508219673,25,200,1
80.38461538461539,134.6,25,200,1
80.46153846153847,134.6,25,200,1
80.53846153846153,164.88349082689473,25,200,1
80.61538461538461,150.42733024570634,25,200,1
80.6923076923077,158.9792211829421,25,200,1
80.76923076923077,134.6,25,200,1
80.84615384615384,134.6,25,200,1
80.92307692307692,170.41,25,200,1
81.0,141.05901718101896,25,200,1
81.07692307692308,134.6,25,200,1
81.15384615384616,134.6,25,200,1
81.23076923076923,144.24994813742796,25,200,1
81.3076923076923,134.6,25,200,1
81.38461538461539,155.57890663731422,25,200,1
81.46153846153847,134.6,25,200,1
81.53846153846153,146.4174253551922,25,200,1
81.61538461538461,162.2264271245529,25,200,1
81.6923076923077,344.9472211141181,25,200,1
81.76923076923077,801.2170399607804,25,200,1
81.84615384615384,159.94043866002596,25,200,1
81.92307692307692,134.6,25,200,1
82.0,338.90431107981567,25,200,1
82.07692307692308,153.5667713252103,25,200,1
82.15384615384616,632.5848923952278,25,200,1
82.23076923076923,146.3621509846369,25,200,1
82.3076923076923,134.6,25,200,1
82.38461538461539,155.8031398714183,25,200,1
82.46153846153847,134.6,25,200,1
82.53846153846153,167.3073469932329,25,200,1
82.61538461538461,142.71173432951963,25,200,1
82.6923076923077,162.87290960677961,25,200,1
82.76923076923077,170.1545740146649,25,200,1
82.84615384615384,134.6,25,200,1
82.92307692307692,158.98455396113872,25,200,1
83.0,210.21533341280428,25,200,1
83.07692307692308,170.41,25,200,1
83.15384615384616,681.9195192316241,25,200,1
83.23076923076923,134.6,25,200,1
83.3076923076923,170.41,25,200,1
83.38461538461539,134.6,25,200,1
83.46153846153847,134.6,25,200,1
83.53846153846153,149.86003554407213,25,200,1
83.61538461538461,134.6,25,200,1
83.6923076923077,170.41,25,200,1
83.76923076923077,170.41,25,200,1
83.84615384615384,140.23725457996673,25,200,1
83.92307692307692,138.14337531237405,25,200,1
84.0,134.6,25,200,1
84.07692307692308,137.9843572221808,25,200,1
84.15384615384616,162.10786549541479,25,200,1
84.23076923076923,170.41,25,200,1
84.3076923076923,137.9079945976074,25,200,1
84.38461538461539,134.6,25,200,1
84.46153846153847,161.47582254050675,25,200,1
84.53846153846153,169.44387144172373,25,200,1
84.61538461538461,370.82714233989674,25,200,1
84.6923076923077,134.6,25,200,1
84.76923076923077,169.12037761987875,25,200,1
84.84615384615384,134.6,25,200,1
84.92307692307692,170.41,25,200,1
85.0,134.6,25,200,1
85.07692307692308,134.6,25,200,1
85.15384615384616,170.41,25,200,1
85.23076923076923,134.6,25,200,1
85.3076923076923,164.4494250266037,25,200,1
85.38461538461539,168.25910285554113,25,200,1
85.46153846153847,134.6,25,200,1
85.53846153846153,170.41,25,200,1
85.61538461538461,170.41,25,200,1
85.6923076923077,139.34115944615795,25,200,1
85.76923076923077,170.41,25,200,1
85.84615384615384,170.41,25,200,1
85.92307692307692,134.6,25,200,1
86.0,929.567506780025,25,200,1
86.07692307692308,167.75768445526708,25,200,1
86.15384615384616,151.50953555331117,25,200,1
86.23076923076923,134.6,25,200,1
86.3076923076923,170.41,25,200,1
86.38461538461539,147.09471441434056,25,200,1
86.46153846153847,162.4328905616108,25,200,1
86.53846153846153,170.41,25,200,1
86.61538461538461,150.07922603625903,25,200,1
86.6923076923077,134.6,25,200,1
86.76923076923077,140.5559392401482,25,200,1
86.84615384615384,160.10362102281283,25,200,1
86.92307692307692,170.41,25,200,1
87.0,150.96692166478874,25,200,1
87.07692307692308,134.6,25,200,1
87.15384615384616,170.41,25,200,1
87.23076923076923,134.6,25,200,1
87.3076923076923,170.41,25,200,1
87.38461538461539,134.6,25,200,1
87.46153846153847,170.41,25,200,1
87.53846153846153,170.41,25,200,1
87.61538461538461,140.12738064773146,25,200,1
87.6923076923077,134.6,25,200,1
87.76923076923077,134.6,25,200,1
87.84615384615384,151.19701239655723,25,200,1
87.92307692307692,134.6,25,200,1
88.0,170.41,25,200,1
88.07692307692308,134.6,25,200,1
88.15384615384616,145.0771740705546,25,200,1
88.23076923076923,146.40698305088208,25,200,1
88.3076923076923,154.41955393730925,25,200,1
88.38461538461539,170.41,25,200,1
88.46153846153847,170.41,25,200,1
88.53846153846153,142.49039944434097,25,200,1
88.61538461538461,157.13235533400842,25,200,1
88.6923076923077,150.19367377409418,25,200,1
88.76923076923077,141.2715626252997,25,200,1
88.84615384615384,137.4140552729541,25,200,1
88.92307692307692,260.71887423469263,25,200,1
89.0,161.41023386747779,25,200,1
89.07692307692308,144.97500904608907,25,200,1
89.15384615384616,170.41,25,200,1
89.23076923076923,170.41,25,200,1
89.3076923076923,170.41,25,200,1
89.38461538461539,157.6514061137638,25,200,1
89.46153846153847,141.90980452218054,25,200,1
89.53846153846153,134.6,25,200,1
89.61538461538461,134.6,25,200,1
89.6923076923077,134.6,25,200,1
89.76923076923077,156.01898721694243,25,200,1
89.84615384615384,151.15179596800525,25,200,1
89.92307692307692,170.41,25,200,1
90.0,134.6,25,200,1
90.07692307692308,150.0197128639587,25,200,1
90.15384615384616,134.6,25,200,1
90.23076923076923,134.6,25,200,1
90.3076923076923,134.6,25,200,1
90.38461538461539,169.5237307566353,25,200,1
90.46153846153847,134.6,25,200,1
90.53846153846153,170.41,25,200,1
90.61538461538461,148.47793959680578,25,200,1
90.6923076923077,134.6,25,200,1
90.76923076923077,134.6,25,200,1
90.84615384615384,170.41,25,200,1
90.92307692307692,170.41,25,200,1
91.0,159.0160474496724,25,200,1
91.07692307692308,134.6,25,200,1
91.15384615384616,134.6,25,200,1
91.23076923076923,163.23900758585322,25,200,1
91.3076923076923,165.1864511363211,25,200,1
91.38461538461539,151.4477219414028,25,200,1
91.46153846153847,134.6,25,200,1
91.53846153846153,154.10744563225765,25,200,1
91.61538461538461,170.41,25,200,1
91.6923076923077,161.3995737366749,25,200,1
91.76923076923077,166.96079696477625,25,200,1
91.84615384615384,165.43205558277947,25,200,1
91.92307692307692,134.6,25,200,1
92.0,170.41,25,200,1
92.07692307692308,170.41,25,200,1
92.15384615384616,134.6,25,200,1
92.23076923076923,134.6,25,200,1
92.3076923076923,134.6,25,200,1
92.38461538461539,716.6432836808285,25,200,1
92.46153846153847,134.6,25,200,1
92.53846153846153,170.41,25,200,1
92.61538461538461,170.41,25,200,1
92.6923076923077,165.23451421124088,25,200,1
92.76923076923077,170.41,25,200,1
92.84615384615384,161.7984568061821,25,200,1
92.92307692307692,134.6,25,200,1
93.0,134.6,25,200,1
93.07692307692308,156.619581513758,25,200,1
93.15384615384616,170.41,25,200,1
93.23076923076923,170.41,25,200,1
93.3076923076923,170.41,25,200,1
93.38461538461539,152.8213190337056,25,200,1
93.46153846153847,141.77565339139957,25,200,1
93.53846153846153,170.41,25,200,1
93.61538461538461,143.39343789788097,25,200,1
93.6923076923077,134.6,25,200,1
93.76923076923077,140.68014009920242,25,200,1
93.84615384615384,229.40698399765486,25,200,1
93.92307692307692,170.41,25,200,1
94.0,134.6,25,200,1
94.07692307692308,167.34376743797958,25,200,1
94.15384615384616,134.6,25,200,1
94.23076923076923,134.6,25,200,1
94.3076923076923,168.2910218581078,25,200,1
94.38461538461539,134.6,25,200,1
94.46153846153847,134.6,25,200,1
94.53846153846153,151.331663678883,25,200,1
94.61538461538461,151.3861893264805,25,200,1
94.6923076923077,170.41,25,200,1
94.76923076923077,135.69703513883604,25,200,1
94.84615384615384,134.6116584167853,25,200,1
94.92307692307692,170.41,25,200,1
95.0,170.41,25,200,1
95.07692307692308,170.41,25,200,1
95.15384615384616,142.39702932700587,25,200,1
95.23076923076923,137.8570098401861,25,200,1
95.3076923076923,134.6,25,200,1
95.38461538461539,134.6,25,200,1
95.46153846153847,170.41,25,200,1
95.53846153846153,134.6,25,200,1
95.61538461538461,170.41,25,200,1
95.6923076923077,166.67426188314928,25,200,1
95.76923076923077,134.6,25,200,1
95.84615384615384,165.33638754422083,25,200,1
95.92307692307692,167.5200379421106,25,200,1
96.0,134.6,25,200,1
96.07692307692308,134.6,25,200,1
96.15384615384616,159.30187910849025,25,200,1
96.23076923076923,134.6,25,200,1
96.3076923076923,139.0797038181563,25,200,1
96.38461538461539,901.9841572696964,25,200,1
96.46153846153847,170.41,25,200,1
96.53846153846153,170.41,25,200,1
96.61538461538461,134.6,25,200,1
96.6923076923077,145.9915042138626,25,200,1
96.76923076923077,134.6,25,200,1
96.84615384615384,134.6,25,200,1
96.92307692307692,167.96380929158892,25,200,1
97.0,170.41,25,200,1
97.07692307692308,167.6426918789557,25,200,1
97.15384615384616,170.41,25,200,1
97.23076923076923,158.73381448560022,25,200,1
97.3076923076923,170.41,25,200,1
97.38461538461539,134.6,25,200,1
97.46153846153847,142.74140922340382,25,200,1
97.53846153846153,165.58001509361335,25,200,1
97.61538461538461,746.0762594890076,25,200,1
97.6923076923077,134.6,25,200,1
97.76923076923077,152.5690032901653,25,200,1
97.84615384615384,170.41,25,200,1
97.92307692307692,149.0000497162852,25,200,1
98.0,170.41,25,200,1
98.07692307692308,170.41,25,200,1
98.15384615384616,138.9102671522765,25,200,1
98.23076923076923,159.08413603543192,25,200,1
98.3076923076923,161.24386486977696,25,200,1
98.38461538461539,162.68580584985696,25,200,1
98.46153846153847,156.0760845779519,25,200,1
98.53846153846153,134.6,25,200,1
98.61538461538461,135.01924176279934,25,200,1
98.6923076923077,144.39835462496694,25,200,1
98.76923076923077,134.6,25,200,1
98.84615384615384,167.4330948253022,25,200,1
98.92307692307692,170.41,25,200,1
99.0,134.6,25,200,1
99.07692307692308,147.8890850482528,25,200,1
99.15384615384616,162.4312748817387,25,200,1
99.23076923076923,142.7599178672452,25,200,1
99.3076923076923,134.6,25,200,1
99.38461538461539,134.6,25,200,1
99.46153846153847,140.40697755843792,25,200,1
99.53846153846153,147.05078565656507,25,200,1
99.61538461538461,163.1668095255668,25,200,1
99.6923076923077,134.6,25,200,1
99.76923076923077,138.41048699805998,25,200,1
99.84615384615384,166.60878743365143,25,200,1
99.92307692307692,134.6,25,200,1
100.0,147.95380438457988,25,200,1
100.07692307692308,134.6,25,200,1
100.15384615384616,154.36422422705152,25,200,1
100.23076923076923,170.41,25,200,1
100.3076923076923,146.48990066544104,25,200,1
100.38461538461539,134.6,25,200,1
100.46153846153847,170.41,25,200,1
100.53846153846153,139.3240329105408,25,200,1
100.61538461538461,160.61649594628352,25,200,1
100.6923076923077,958.7998605711978,25,200,1
100.76923076923077,134.6,25,200,1
100.84615384615384,134.6,25,200,1
100.92307692307692,134.6,25,200,1
101.0,134.6,25,200,1
101.07692307692308,134.6,25,200,1
101.15384615384616,325.94998426437087,25,200,1
101.23076923076923,170.41,25,200,1
101.3076923076923,144.15395172470727,25,200,1
101.38461538461539,155.34514273772356,25,200,1
101.46153846153847,134.6,25,200,1
101.53846153846153,134.6,25,200,1
101.61538461538461,676.7238671099487,25,200,1
101.6923076923077,170.41,25,200,1
101.76923076923077,152.34940209763147,25,200,1
101.84615384615384,134.6,25,200,1
101.92307692307692,134.6,25,200,1
102.0,134.6,25,200,1
102.07692307692308,157.7097911152801,25,200,1
102.15384615384616,160.06321055022596,25,200,1
102.23076923076923,134.6,25,200,1
102.3076923076923,141.09694649467775,25,200,1
102.38461538461539,134.6,25,200,1
102.46153846153847,134.6,25,200,1
102.53846153846153,147.55763756325135,25,200,1
102.61538461538461,134.6,25,200,1
102.6923076923077,170.41,25,200,1
102.76923076923077,138.01102599119463,25,200,1
102.84615384615384,170.41,25,200,1
102.92307692307692,155.48557755798402,25,200,1
103.0,150.56758194869133,25,200,1
103.07692307692308,134.6,25,200,1
103.15384615384616,134.6,25,200,1
103.23076923076923,139.9120115090754,25,200,1
103.3076923076923,134.6,25,200,1
103.38461538461539,134.6,25,200,1
103.46153846153847,158.56827094944728,25,200,1
103.53846153846153,135.60178564708423,25,200,1
103.61538461538461,134.6,25,200,1
103.6923076923077,143.9402566283011,25,200,1
103.76923076923077,134.6,25,200,1
103.84615384615384,762.348004387998,25,200,1
103.92307692307692,134.6,25,200,1
104.0,170.41,25,200,1
104.07692307692308,135.32494399406116,25,200,1
104.15384615384616,170.41,25,200,1
104.23076923076923,170.41,25,200,1
104.3076923076923,134.6,25,200,1
104.38461538461539,137.2029954037193,25,200,1
104.46153846153847,167.9622073414901,25,200,1
104.53846153846153,143.21719850959715,25,200,1
104.61538461538461,151.42736699119828,25,200,1
104.6923076923077,134.6,25,200,1
104.76923076923077,162.78652850098595,25,200,1
104.84615384615384,170.41,25,200,1
104.92307692307692,134.6,25,200,1
105.0,170.41,25,200,1
105.07692307692308,170.41,25,200,1
105.15384615384616,134.6,25,200,1
105.23076923076923,170.41,25,200,1
105.3076923076923,141.18183366578714,25,200,1
105.38461538461539,134.6,25,200,1
105.46153846153847,146.8462153756669,25,200,1
105.53846153846153,170.41,25,200,1
105.61538461538461,152.03913639648212,25,200,1
105.6923076923077,156.751989981954,25,200,1
105.76923076923077,170.41,25,200,1
105.84615384615384,145.23597337538652,25,200,1
105.92307692307692,151.6704425612101,25,200,1
106.0,360.69711201764653,25,200,1
106.07692307692308,161.49627654566615,25,200,1
106.15384615384616,170.41,25,200,1
106.23076923076923,146.92540773911344,25,200,1
106.3076923076923,162.30962112675533,25,200,1
106.38461538461539,134.6,25,200,1
106.46153846153847,141.92447821746947,25,200,1
106.53846153846153,161.6815270200592,25,200,1
106.61538461538461,161.7954461993239,25,200,1
106.6923076923077,134.6,25,200,1
106.76923076923077,134.6,25,200,1
106.84615384615384,134.6,25,200,1
106.92307692307692,134.6,25,200,1
107.0,161.12167648119066,25,200,1
107.07692307692308,143.32736861502985,25,200,1
107.15384615384616,148.0910013580316,25,200,1
107.23076923076923,134.6,25,200,1
107.3076923076923,668.6835651345992,25,200,1
107.38461538461539,134.6,25,200,1
107.46153846153847,142.7375293132111,25,200,1
107.53846153846153,170.1696503455772,25,200,1
107.61538461538461,134.6,25,200,1
107.6923076923077,134.6,25,200,1
107.76923076923077,134.6,25,200,1
107.84615384615384,134.6,25,200,1
107.92307692307692,154.97629658307343,25,200,1
108.0,146.10912611567733,25,200,1
108.07692307692308,134.6,25,200,1
108.15384615384616,170.41,25,200,1
108.23076923076923,149.4379637614692,25,200,1
108.3076923076923,155.59791488339752,25,200,1
108.38461538461539,169.51789820186983,25,200,1
108.46153846153847,134.6,25,200,1
108.53846153846153,170.41,25,200,1
108.61538461538461,170.41,25,200,1
108.6923076923077,153.06963620433513,25,200,1
108.76923076923077,147.20490797753888,25,200,1
108.84615384615384,170.41,25,200,1
108.92307692307692,146.07720840134604,25,200,1
109.0,161.38514574693417,25,200,1
109.07692307692308,145.03323542290045,25,200,1
109.15384615384616,166.15699024151843,25,200,1
109.23076923076923,170.41,25,200,1
109.3076923076923,170.41,25,200,1
109.38461538461539,134.6,25,200,1
109.46153846153847,165.93463868618926,25,200,1
109.53846153846153,139.93099844964047,25,200,1
109.61538461538461,134.6,25,200,1
109.6923076923077,170.41,25,200,1
109.76923076923077,170.41,25,200,1
109.84615384615384,163.5171818606384,25,200,1
109.92307692307692,138.22860112989423,25,200,1
110.0,134.6,25,200,1
110.07692307692308,170.41,25,200,1
110.15384615384616,146.23278535559368,25,200,1
110.23076923076923,147.77122133380098,25,200,1
110.3076923076923,170.41,25,200,1
110.38461538461539,134.6,25,200,1
110.46153846153847,145.9391699274155,25,200,1
110.53846153846153,134.6,25,200,1
110.61538461538461,145.59460665509982,25,200,1
110.6923076923077,134.6,25,200,1
110.76923076923077,134.6,25,200,1
110.84615384615384,137.72854879791583,25,200,1
110.92307692307692,170.41,25,200,1
111.0,158.21600726275136,25,200,1
111.07692307692308,134.6,25,200,1
111.15384615384616,134.6,25,200,1
111.23076923076923,134.6,25,200,1
111.3076923076923,167.00235509599497,25,200,1
111.38461538461539,134.6,25,200,1
111.46153846153847,134.6,25,200,1
111.53846153846153,170.41,25,200,1
111.61538461538461,164.43836073282074,25,200,1
111.6923076923077,134.6,25,200,1
111.76923076923077,308.8529584939695,25,200,1
111.84615384615384,873.9789236747346,25,200,1
111.92307692307692,170.41,25,200,1
112.0,170.41,25,200,1
112.07692307692308,134.6,25,200,1
112.15384615384616,137.80308324161453,25,200,1
112.23076923076923,161.91231208364616,25,200,1
112.3076923076923,134.6,25,200,1
112.38461538461539,134.6,25,200,1
112.46153846153847,170.41,25,200,1
112.53846153846153,162.32658755866652,25,200,1
112.61538461538461,170.41,25,200,1
112.6923076923077,170.41,25,200,1
112.76923076923077,134.6,25,200,1
112.84615384615384,170.41,25,200,1
112.92307692307692,157.33953798259216,25,200,1
113.0,134.6,25,200,1
113.07692307692308,170.41,25,200,1
113.15384615384616,147.72807675197546,25,200,1
113.23076923076923,134.6,25,200,1
113.3076923076923,170.41,25,200,1
113.38461538461539,154.39030851803108,25,200,1
113.46153846153847,170.41,25,200,1
113.53846153846153,134.6,25,200,1
113.61538461538461,170.41,25,200,1
113.6923076923077,155.70905457465423,25,200,1
113.76923076923077,134.6,25,200,1
113.84615384615384,159.83698360176476,25,200,1
113.92307692307692,153.29980674275305,25,200,1
114.0,170.41,25,200,1
114.07692307692308,170.41,25,200,1
114.15384615384616,168.70478217589377,25,200,1
114.23076923076923,170.41,25,200,1
114.3076923076923,155.78199668096647,25,200,1
114.38461538461539,168.141165454398,25,200,1
114.46153846153847,134.6,25,200,1
114.53846153846153,170.41,25,200,1
114.61538461538461,151.26026514583359,25,200,1
114.6923076923077,165.38873230828946,25,200,1
114.76923076923077,134.6,25,200,1
114.84615384615384,170.41,25,200,1
114.92307692307692,170.41,25,200,1
115.0,686.8756435986846,25,200,1
115.07692307692308,134.6,25,200,1
115.15384615384616,170.41,25,200,1
115.23076923076923,170.41,25,200,1
115.3076923076923,170.41,25,200,1
115.38461538461539,169.82041419856552,25,200,1
115.46153846153847,170.41,25,200,1
115.53846153846153,170.41,25,200,1
115.61538461538461,170.41,25,200,1
115.6923076923077,159.3054367846072,25,200,1
115.76923076923077,170.41,25,200,1
115.84615384615384,134.6,25,200,1
115.92307692307692,170.41,25,200,1
116.0,170.41,25,200,1
116.07692307692308,170.41,25,200,1
116.15384615384616,148.31026107888218,25,200,1
116.23076923076923,159.16565457469352,25,200,1
116.3076923076923,170.41,25,200,1
116.38461538461539,166.71925041824372,25,200,1
116.46153846153847,134.6,25,200,1
116.53846153846153,137.7476597415643,25,200,1
116.61538461538461,144.25756474852878,25,200,1
116.6923076923077,170.41,25,200,1
116.76923076923077,134.6,25,200,1
116.84615384615384,155.3823511935235,25,200,1
116.92307692307692,134.6,25,200,1
117.0,134.6,25,200,1
117.07692307692308,570.7912149571135,25,200,1
117.15384615384616,149.54344272103614,25,200,1
117.23076923076923,134.6,25,200,1
117.3076923076923,134.6,25,200,1
117.38461538461539,160.81553472738545,25,200,1
117.46153846153847,152.79285911513554,25,200,1
117.53846153846153,134.6,25,200,1
117.61538461538461,134.6,25,200,1
117.6923076923077,170.41,25,200,1
117.76923076923077,170.41,25,200,1
117.84615384615384,134.6,25,200,1
117.92307692307692,151.21694412911015,25,200,1
118.0,146.6872360678866,25,200,1
118.07692307692308,146.6368296343854,25,200,1
118.15384615384616,163.94543644338867,25,200,1
118.23076923076923,170.41,25,200,1
118.3076923076923,163.5237862431021,25,200,1
118.38461538461539,165.8563239166613,25,200,1
118.46153846153847,161.87247514853235,25,200,1
118.53846153846153,134.6,25,200,1
118.61538461538461,134.6,25,200,1
118.6923076923077,136.8872031976215,25,200,1
118.76923076923077,170.41,25,200,1
118.84615384615384,155.07794306396696,25,200,1
118.92307692307692,161.57077246667905,25,200,1
119.0,161.34333099883202,25,200,1
119.07692307692308,162.1173377900616,25,200,1
119.15384615384616,170.41,25,200,1
119.23076923076923,650.0045941283689,25,200,1
119.3076923076923,170.41,25,200,1
119.38461538461539,170.41,25,200,1
119.46153846153847,134.6,25,200,1
119.53846153846153,152.8288191554322,25,200,1
119.61538461538461,134.6,25,200,1
119.6923076923077,134.6,25,200,1
119.76923076923077,134.6,25,200,1
119.84615384615384,138.8044492798064,25,200,1
119.92307692307692,152.65760799902762,25,200,1
120.0,134.6,25,200,1
120.07692307692308,213.56873108534177,25,200,1
120.15384615384616,154.10968970309438,25,200,1
120.23076923076923,134.6,25,200,1
120.3076923076923,135.3544780312577,25,200,1
120.38461538461539,142.3789427045395,25,200,1
120.46153846153847,134.6,25,200,1
120.53846153846153,134.6,25,200,1
120.61538461538461,170.41,25,200,1
120.6923076923077,134.6,25,200,1
120.76923076923077,139.89166648083147,25,200,1
120.84615384615384,134.6,25,200,1
120.92307692307692,170.41,25,200,1
121.0,168.69020103902122,25,200,1
121.07692307692308,163.66581940130482,25,200,1
121.15384615384616,134.6,25,200,1
121.23076923076923,143.43614527297498,25,200,1
121.3076923076923,138.2689874103918,25,200,1
121.38461538461539,150.23664182860148,25,200,1
121.46153846153847,150.41457112221494,25,200,1
121.53846153846153,330.7363011111314,25,200,1
121.61538461538461,134.6,25,200,1
121.6923076923077,170.41,25,200,1
121.76923076923077,153.64607452469556,25,200,1
121.84615384615384,137.98405473249477,25,200,1
121.92307692307692,153.5728417305926,25,200,1
122.0,149.07496174770554,25,200,1
122.07692307692308,170.41,25,200,1
122.15384615384616,134.6,25,200,1
122.23076923076923,134.6,25,200,1
122.3076923076923,156.7378948409367,25,200,1
122.38461538461539,170.41,25,200,1
122.46153846153847,134.6,25,200,1
122.53846153846153,168.45257111079235,25,200,1
122.61538461538461,170.41,25,200,1
122.6923076923077,170.41,25,200,1
122.76923076923077,134.6,25,200,1
122.84615384615384,170.41,25,200,1
122.92307692307692,134.6,25,200,1
123.0,134.6,25,200,1
123.07692307692308,147.04852597981875,25,200,1
123.15384615384616,147.75426453571856,25,200,1
123.23076923076923,150.37302750750453,25,200,1
123.3076923076923,170.41,25,200,1
123.38461538461539,160.55316759179155,25,200,1
123.46153846153847,134.6,25,200,1
123.53846153846153,134.6,25,200,1
123.61538461538461,134.6,25,200,1
123.6923076923077,170.41,25,200,1
123.76923076923077,134.6,25,200,1
123.84615384615384,151.69283244622906,25,200,1
123.92307692307692,170.41,25,200,1
124.0,170.41,25,200,1
124.07692307692308,145.693189042118,25,200,1
124.15384615384616,170.41,25,200,1
124.23076923076923,168.23073253077843,25,200,1
124.3076923076923,138.0532083006656,25,200,1
124.38461538461539,134.77925189638952,25,200,1
124.46153846153847,137.99721734355506,25,200,1
124.53846153846153,170.41,25,200,1
124.61538461538461,170.41,25,200,1
124.6923076923077,742.6140200726408,25,200,1
124.76923076923077,169.52185869674278,25,200,1
124.84615384615384,519.2220299443885,25,200,1
124.92307692307692,170.41,25,200,1
125.0,149.55118876281063,25,200,1
125.07692307692308,134.6,25,200,1
125.15384615384616,134.6,25,200,1
125.23076923076923,134.6,25,200,1
125.3076923076923,170.41,25,200,1
125.38461538461539,134.6,25,200,1
125.46153846153847,504.26209591703685,25,200,1
125.53846153846153,134.6,25,200,1
125.61538461538461,147.8475433892343,25,200,1
125.6923076923077,170.41,25,200,1
125.76923076923077,136.05194278919268,25,200,1
125.84615384615384,153.33774577507145,25,200,1
125.92307692307692,159.7333697359157,25,200,1
126.0,138.16875065495455,25,200,1
126.07692307692308,134.6,25,200,1
126.15384615384616,461.84877442540096,25,200,1
126.23076923076923,170.41,25,200,1
126.3076923076923,136.1965749192894,25,200,1
126.38461538461539,165.36806035091115,25,200,1
126.46153846153847,137.94924754642398,25,200,1
126.53846153846153,138.4465443800015,25,200,1
126.61538461538461,170.41,25,200,1
126.6923076923077,151.60280160579708,25,200,1
126.76923076923077,170.41,25,200,1
126.84615384615384,134.6,25,200,1
126.92307692307692,158.26132442635696,25,200,1
127.0,159.652231466882,25,200,1
127.07692307692308,167.00184004446112,25,200,1
127.15384615384616,151.05559395481507,25,200,1
127.23076923076923,154.4672868826358,25,200,1
127.3076923076923,170.41,25,200,1
127.38461538461539,134.6,25,200,1
127.46153846153847,147.0759887757516,25,200,1
127.53846153846153,155.48516288139342,25,200,1
127.61538461538461,149.34343021994638,25,200,1
127.6923076923077,170.41,25,200,1
127.76923076923077,155.28710369914015,25,200,1
127.84615384615384,134.6,25,200,1
127.92307692307692,164.08355881786056,25,200,1
128.0,134.6,25,200,1
128.07692307692307,151.40099492761922,25,200,1
128.15384615384616,170.41,25,200,1
128.23076923076923,142.0905410514532,25,200,1
128.30769230769232,167.34667560403727,25,200,1
128.3846153846154,163.14826468428893,25,200,1
128.46153846153845,169.12640475271357,25,200,1
128.53846153846155,145.3183887539509,25,200,1
128.6153846153846,170.41,25,200,1
128.69230769230768,170.41,25,200,1
128.76923076923077,170.41,25,200,1
128.84615384615384,145.71900381464965,25,200,1
128.92307692307693,135.3769673767839,25,200,1
129.0,170.41,25,200,1
129.07692307692307,149.72416859355698,25,200,1
129.15384615384616,148.58728516772157,25,200,1
129.23076923076923,157.71514027212453,25,200,1
129.30769230769232,157.47830718646688,25,200,1
129.3846153846154,134.6,25,200,1
129.46153846153845,134.6,25,200,1
129.53846153846155,170.41,25,200,1
129.6153846153846,155.8993916225987,25,200,1
129.69230769230768,134.6,25,200,1
129.76923076923077,148.41599841152322,25,200,1
129.84615384615384,170.41,25,200,1
129.92307692307693,134.6,25,200,1
130.0,134.6,25,200,1
130.07692307692307,134.6,25,200,1
130.15384615384616,158.4080218234706,25,200,1
130.23076923076923,134.6,25,200,1
130.30769230769232,151.42348341430014,25,200,1
130.3846153846154,170.41,25,200,1
130.46153846153845,150.93387402808048,25,200,1
130.53846153846155,134.6,25,200,1
130.6153846153846,134.6,25,200,1
130.69230769230768,163.42478526204548,25,200,1
130.76923076923077,134.6,25,200,1
130.84615384615384,170.41,25,200,1
130.92307692307693,170.41,25,200,1
131.0,134.6,25,200,1
131.07692307692307,1015.6241166455321,25,200,1
131.15384615384616,146.07229270248945,25,200,1
131.23076923076923,136.98180572785898,25,200,1
131.30769230769232,156.9090591423491,25,200,1
131.3846153846154,134.6,25,200,1
131.46153846153845,163.4085705266483,25,200,1
131.53846153846155,170.41,25,200,1
131.6153846153846,163.2104811858766,25,200,1
131.69230769230768,134.6,25,200,1
131.76923076923077,137.0515248591875,25,200,1
131.84615384615384,134.6,25,200,1
131.92307692307693,134.6,25,200,1
132.0,170.41,25,200,1
132.07692307692307,135.10458721091186,25,200,1
132.15384615384616,170.41,25,200,1
132.23076923076923,134.6,25,200,1
132.30769230769232,134.6,25,200,1
132.3846153846154,166.49919772108163,25,200,1
132.46153846153845,148.68021442236002,25,200,1
132.53846153846155,142.46957796940143,25,200,1
132.6153846153846,158.40480564657483,25,200,1
132.69230769230768,170.41,25,200,1
132.76923076923077,134.6,25,200,1
132.84615384615384,134.6,25,200,1
132.92307692307693,170.41,25,200,1
133.0,156.1261946133359,25,200,1
133.07692307692307,157.87402286507586,25,200,1
133.15384615384616,154.1171178443915,25,200,1
133.23076923076923,134.6,25,200,1
133.30769230769232,144.06227225816076,25,200,1
133.3846153846154,134.6,25,200,1
133.46153846153845,134.6,25,200,1
133.53846153846155,170.41,25,200,1
133.6153846153846,170.04873116822344,25,200,1
133.69230769230768,170.41,25,200,1
133.76923076923077,134.6,25,200,1
133.84615384615384,166.3370553022809,25,200,1
133.92307692307693,134.6,25,200,1
134.0,134.6,25,200,1
134.07692307692307,146.1550466076337,25,200,1
134.15384615384616,170.41,25,200,1
134.23076923076923,147.12073473206766,25,200,1
134.30769230769232,141.06852480402515,25,200,1
134.3846153846154,138.87306953954717,25,200,1
134.46153846153845,170.41,25,200,1
134.53846153846155,162.66183735746276,25,200,1
134.6153846153846,170.41,25,200,1
134.69230769230768,170.41,25,200,1
134.76923076923077,138.48439571413348,25,200,1
134.84615384615384,134.6,25,200,1
134.92307692307693,136.6148906546613,25,200,1
135.0,170.41,25,200,1
135.07692307692307,140.55235945678174,25,200,1
135.15384615384616,134.6,25,200,1
135.23076923076923,134.6,25,200,1
135.30769230769232,134.6,25,200,1
135.3846153846154,134.6,25,200,1
135.46153846153845,170.41,25,200,1
135.53846153846155,134.6,25,200,1
135.6153846153846,159.70285716297641,25,200,1
135.69230769230768,137.06231787580478,25,200,1
135.76923076923077,815.316753654611,25,200,1
135.84615384615384,134.6,25,200,1
135.92307692307693,170.41,25,200,1
136.0,170.41,25,200,1
136.07692307692307,134.6,25,200,1
136.15384615384616,151.57545857938265,25,200,1
136.23076923076923,134.6,25,200,1
136.30769230769232,170.41,25,200,1
136.3846153846154,149.02701117157858,25,200,1
136.46153846153845,170.41,25,200,1
136.53846153846155,166.66336202802938,25,200,1
136.6153846153846,141.97243678552434,25,200,1
136.69230769230768,170.41,25,200,1
136.76923076923077,160.11904836746345,25,200,1
136.84615384615384,134.6,25,200,1
136.92307692307693,134.6,25,200,1
137.0,170.41,25,200,1
137.07692307692307,142.55983361575642,25,200,1
137.15384615384616,170.41,25,200,1
137.23076923076923,170.41,25,200,1
137.30769230769232,155.36423079079893,25,200,1
137.3846153846154,937.1311660874053,25,200,1
137.46153846153845,139.16380574200997,25,200,1
137.53846153846155,134.6,25,200,1
137.6153846153846,134.6,25,200,1
137.69230769230768,148.2259421514438,25,200,1
137.76923076923077,134.6,25,200,1
137.84615384615384,170.41,25,200,1
137.92307692307693,136.52914359524877,25,200,1
138.0,145.78288031043633,25,200,1
138.07692307692307,160.6018973350585,25,200,1
138.15384615384616,134.6,25,200,1
138.23076923076923,155.03504082652927,25,200,1
138.30769230769232,170.41,25,200,1
138.3846153846154,157.2060376864117,25,200,1
138.46153846153845,154.5278183345523,25,200,1
138.53846153846155,157.74133997271332,25,200,1
138.6153846153846,134.6,25,200,1
138.69230769230768,144.57503144411314,25,200,1
138.76923076923077,137.3258048712681,25,200,1
138.84615384615384,139.78927411060778,25,200,1
138.92307692307693,170.41,25,200,1
139.0,142.2102296851918,25,200,1
139.07692307692307,170.41,25,200,1
139.15384615384616,137.35513541954637,25,200,1
139.23076923076923,134.6,25,200,1
139.30769230769232,170.41,25,200,1
139.3846153846154,166.62252794990178,25,200,1
139.46153846153845,134.6,25,200,1
139.53846153846155,170.41,25,200,1
139.6153846153846,170.41,25,200,1
139.69230769230768,142.92390093844537,25,200,1
139.76923076923077,155.79379381959149,25,200,1
139.84615384615384,170.41,25,200,1
139.92307692307693,134.6,25,200,1
140.0,141.66291668725876,25,200,1
140.07692307692307,134.6,25,200,1
140.15384615384616,170.41,25,200,1
140.23076923076923,155.07201259800783,25,200,1
140.30769230769232,134.6,25,200,1
140.3846153846154,170.41,25,200,1
140.46153846153845,145.5902235800093,25,200,1
140.53846153846155,137.3288983522356,25,200,1
140.6153846153846,167.31919618253346,25,200,1
140.69230769230768,170.41,25,200,1
140.76923076923077,160.45505246501594,25,200,1
140.84615384615384,146.06632404091818,25,200,1
140.92307692307693,151.45420943501583,25,200,1
141.0,134.6,25,200,1
141.07692307692307,134.6,25,200,1
141.15384615384616,151.39636155846964,25,200,1
141.23076923076923,136.00285929450496,25,200,1
141.30769230769232,170.41,25,200,1
141.3846153846154,134.6,25,200,1
141.46153846153845,144.1067265227698,25,200,1
141.53846153846155,148.61340521363357,25,200,1
141.6153846153846,158.03128238245077,25,200,1
141.69230769230768,157.17866564244895,25,200,1
141.76923076923077,134.6,25,200,1
141.84615384615384,134.63352725722714,25,200,1
141.92307692307693,159.59447029935828,25,200,1
142.0,160.67609811687885,25,200,1
142.07692307692307,156.73801607838956,25,200,1
142.15384615384616,170.41,25,200,1
142.23076923076923,621.505487116465,25,200,1
142.30769230769232,134.6,25,200,1
142.3846153846154,134.6,25,200,1
142.46153846153845,166.89355084055117,25,200,1
142.53846153846155,134.6,25,200,1
142.6153846153846,153.33752896724815,25,200,1
142.69230769230768,134.6,25,200,1
142.76923076923077,1007.7135994501373,25,200,1
142.84615384615384,141.20487262166827,25,200,1
142.92307692307693,150.24464518217712,25,200,1
143.0,165.51614201039814,25,200,1
143.07692307692307,158.55172832040924,25,200,1
143.15384615384616,134.6,25,200,1
143.23076923076923,926.7135557144619,25,200,1
143.30769230769232,156.16211225603718,25,200,1
143.3846153846154,134.6,25,200,1
143.46153846153845,170.41,25,200,1
143.53846153846155,134.6,25,200,1
143.6153846153846,146.36423972798218,25,200,1
143.69230769230768,170.41,25,200,1
143.76923076923077,134.6,25,200,1
143.84615384615384,134.6,25,200,1
143.92307692307693,134.6,25,200,1
144.0,166.50117103552998,25,200,1
144.07692307692307,170.41,25,200,1
144.15384615384616,154.80970525155436,25,200,1
144.23076923076923,134.6,25,200,1
144.30769230769232,134.6,25,200,1
144.3846153846154,389.8884015706468,25,200,1
144.46153846153845,147.1084970979665,25,200,1
144.53846153846155,163.58723576466653,25,200,1
144.6153846153846,144.9552366556897,25,200,1
144.69230769230768,134.6,25,200,1
144.76923076923077,134.6,25,200,1
144.84615384615384,134.6,25,200,1
144.92307692307693,170.41,25,200,1
145.0,170.41,25,200,1
145.07692307692307,170.41,25,200,1
145.15384615384616,166.92374239529522,25,200,1
145.23076923076923,134.6,25,200,1
145.30769230769232,234.814236929055,25,200,1
145.3846153846154,142.68223362652773,25,200,1
145.46153846153845,137.50803728997712,25,200,1
145.53846153846155,134.6,25,200,1
145.6153846153846,134.6,25,200,1
145.69230769230768,1016.5403387654876,25,200,1
145.76923076923077,134.6,25,200,1
145.84615384615384,150.21091627241972,25,200,1
145.92307692307693,134.6,25,200,1
146.0,134.6,25,200,1
146.07692307692307,170.41,25,200,1
146.15384615384616,170.41,25,200,1
146.23076923076923,134.6,25,200,1
146.30769230769232,170.41,25,200,1
146.3846153846154,369.9724673728226,25,200,1
146.46153846153845,136.92534768773203,25,200,1
146.53846153846155,161.4595496969424,25,200,1
146.6153846153846,170.41,25,200,1
146.69230769230768,153.9582766298134,25,200,1
146.76923076923077,170.41,25,200,1
146.84615384615384,134.6,25,200,1
146.92307692307693,146.4225748932255,25,200,1
147.0,134.6,25,200,1
147.07692307692307,145.67413530742033,25,200,1
147.15384615384616,168.2287404225948,25,200,1
147.23076923076923,166.21421386250907,25,200,1
147.30769230769232,170.41,25,200,1
147.3846153846154,170.41,25,200,1
147.46153846153845,145.16835359070328,25,200,1
147.53846153846155,134.6,25,200,1
147.6153846153846,134.6,25,200,1
147.69230769230768,161.94770569412853,25,200,1
147.76923076923077,134.6,25,200,1
147.84615384615384,146.48674708827838,25,200,1
147.92307692307693,136.79291235756318,25,200,1
148.0,134.6,25,200,1
148.07692307692307,134.6,25,200,1
148.15384615384616,158.96639955038216,25,200,1
148.23076923076923,158.44506075005432,25,200,1
148.30769230769232,143.989703446576,25,200,1
148.3846153846154,170.41,25,200,1
148.46153846153845,170.41,25,200,1
148.53846153846155,134.6,25,200,1
148.6153846153846,146.75649903430073,25,200,1
148.69230769230768,145.78419892819403,25,200,1
148.76923076923077,134.6,25,200,1
148.84615384615384,134.6,25,200,1
148.92307692307693,150.1878919488448,25,200,1
149.0,170.41,25,200,1
149.07692307692307,170.41,25,200,1
149.15384615384616,139.3019495355764,25,200,1
149.23076923076923,152.12995686760763,25,200,1
149.30769230769232,134.6,25,200,1
149.3846153846154,146.59061896841138,25,200,1
149.46153846153845,158.1467352054879,25,200,1
149.53846153846155,134.6,25,200,1
149.6153846153846,142.56213436222646,25,200,1
149.69230769230768,170.41,25,200,1
149.76923076923077,134.6,25,200,1
149.84615384615384,158.866264146395,25,200,1
149.92307692307693,151.7408216608785,25,200,1
150.0,134.6,25,200,1
150.07692307692307,170.41,25,200,1
150.15384615384616,170.41,25,200,1
150.23076923076923,134.6,25,200,1
150.30769230769232,138.67718328218714,25,200,1
150.3846153846154,727.320333755248,25,200,1
150.46153846153845,158.51381729664044,25,200,1
150.53846153846155,170.41,25,200,1
150.6153846153846,135.15728771947312,25,200,1
150.69230769230768,170.41,25,200,1
150.76923076923077,134.6,25,200,1
150.84615384615384,157.40065027417353,25,200,1
150.92307692307693,161.41759361246824,25,200,1
151.0,134.6,25,200,1
151.07692307692307,134.6,25,200,1
151.15384615384616,135.23265869418188,25,200,1
151.23076923076923,134.6,25,200,1
151.30769230769232,134.6,25,200,1
151.3846153846154,134.6,25,200,1
151.46153846153845,161.18828160563933,25,200,1
151.53846153846155,169.4508956473264,25,200,1
151.6153846153846,571.8050511698722,25,200,1
151.69230769230768,156.79954282269168,25,200,1
151.76923076923077,134.6,25,200,1
151.84615384615384,140.65668805813766,25,200,1
151.92307692307693,134.6,25,200,1
152.0,165.01912529281492,25,200,1
152.07692307692307,170.41,25,200,1
152.15384615384616,134.6,25,200,1
152.23076923076923,170.41,25,200,1
152.30769230769232,145.59847099230524,25,200,1
152.3846153846154,170.41,25,200,1
152.46153846153845,779.0201203572132,25,200,1
152.53846153846155,170.41,25,200,1
152.6153846153846,142.37260075581653,25,200,1
152.69230769230768,170.41,25,200,1
152.76923076923077,159.91416965868515,25,200,1
152.84615384615384,166.28970724811063,25,200,1
152.92307692307693,170.41,25,200,1
153.0,170.41,25,200,1
153.07692307692307,134.6,25,200,1
153.15384615384616,159.61496906953704,25,200,1
153.23076923076923,134.6,25,200,1
153.30769230769232,155.42038499715457,25,200,1
153.3846153846154,170.41,25,200,1
153.46153846153845,134.6,25,200,1
153.53846153846155,134.6,25,200,1
153.6153846153846,139.98096518065583,25,200,1
153.69230769230768,134.6,25,200,1
153.76923076923077,897.9366854000036,25,200,1
153.84615384615384,170.41,25,200,1
153.92307692307693,170.41,25,200,1
154.0,152.9598149794883,25,200,1
154.07692307692307,134.6,25,200,1
154.15384615384616,165.1875790495087,25,200,1
154.23076923076923,153.14381746487814,25,200,1
154.30769230769232,149.18831372596526,25,200,1
154.3846153846154,170.41,25,200,1
154.46153846153845,155.6991276518552,25,200,1
154.53846153846155,134.6,25,200,1
154.6153846153846,134.6,25,200,1
154.69230769230768,140.98031339101914,25,200,1
154.76923076923077,170.41,25,200,1
154.84615384615384,134.6,25,200,1
154.92307692307693,170.41,25,200,1
155.0,170.41,25,200,1
155.07692307692307,136.6372113765198,25,200,1
155.15384615384616,167.94504347448762,25,200,1
155.23076923076923,134.6,25,200,1
155.30769230769232,134.6,25,200,1
155.3846153846154,170.41,25,200,1
155.46153846153845,148.67787307566013,25,200,1
155.53846153846155,154.1956678962642,25,200,1
155.6153846153846,170.41,25,200,1
155.69230769230768,137.25478505275294,25,200,1
155.76923076923077,157.2849776728253,25,200,1
155.84615384615384,642.8622341638435,25,200,1
155.92307692307693,143.74624282017695,25,200,1
156.0,156.21787789689202,25,200,1
156.07692307692307,134.6,25,200,1
156.15384615384616,170.2830340361385,25,200,1
156.23076923076923,144.19261033333282,25,200,1
156.30769230769232,168.3143725826494,25,200,1
156.3846153846154,325.3236826109061,25,200,1
156.46153846153845,134.6,25,200,1
156.53846153846155,170.41,25,200,1
156.6153846153846,170.41,25,200,1
156.69230769230768,170.41,25,200,1
156.76923076923077,170.41,25,200,1
156.84615384615384,134.6,25,200,1
156.92307692307693,134.6,25,200,1
157.0,161.79795398064655,25,200,1
157.07692307692307,134.6,25,200,1
157.15384615384616,170.41,25,200,1
157.23076923076923,134.6,25,200,1
157.30769230769232,146.14132998340054,25,200,1
157.3846153846154,170.41,25,200,1
157.46153846153845,163.48359117007303,25,200,1
157.53846153846155,165.1980935762097,25,200,1
157.6153846153846,152.65432123487426,25,200,1
157.69230769230768,134.6,25,200,1
157.76923076923077,209.92887247119916,25,200,1
157.84615384615384,170.41,25,200,1
157.92307692307693,152.21915533298048,25,200,1
158.0,146.48044351908047,25,200,1
158.07692307692307,134.6,25,200,1
158.15384615384616,134.6,25,200,1
158.23076923076923,147.4046687703729,25,200,1
158.30769230769232,134.6,25,200,1
158.3846153846154,149.90269308948174,25,200,1
158.46153846153845,148.93821151574699,25,200,1
158.53846153846155,161.2411071419086,25,200,1
158.6153846153846,134.6,25,200,1
158.69230769230768,151.8026842417325,25,200,1
158.76923076923077,141.86487759014355,25,200,1
158.84615384615384,136.7737711891487,25,200,1
158.92307692307693,134.6,25,200,1
159.0,170.41,25,200,1
159.07692307692307,168.8991665315001,25,200,1
159.15384615384616,160.33076930019158,25,200,1
159.23076923076923,134.6,25,200,1
159.30769230769232,141.36321578974577,25,200,1
159.3846153846154,168.1143108931231,25,200,1
159.46153846153845,149.46713449617178,25,200,1
159.53846153846155,134.6,25,200,1
159.6153846153846,134.6,25,200,1
159.69230769230768,170.41,25,200,1
159.76923076923077,139.78952713172802,25,200,1
159.84615384615384,140.98082740380033,25,200,1
159.92307692307693,136.98242580893321,25,200,1
160.0,163.3676107231314,25,200,1
160.07692307692307,134.6,25,200,1
160.15384615384616,504.8577288539975,25,200,1
160.23076923076923,170.41,25,200,1
160.30769230769232,141.22062931443512,25,200,1
160.3846153846154,134.6,25,200,1
160.46153846153845,170.41,25,200,1
160.53846153846155,138.3151873428039,25,200,1
160.6153846153846,161.24264342606426,25,200,1
160.69230769230768,148.03231335798506,25,200,1
160.76923076923077,134.6,25,200,1
160.84615384615384,503.8924061788463,25,200,1
160.92307692307693,170.41,25,200,1
161.0,405.3240613037219,25,200,1
161.07692307692307,134.6,25,200,1
161.15384615384616,150.39487121568732,25,200,1
161.23076923076923,170.41,25,200,1
161.30769230769232,156.2686066773689,25,200,1
161.3846153846154,170.41,25,200,1
161.46153846153845,154.45430821306653,25,200,1
161.53846153846155,166.43276112749214,25,200,1
161.6153846153846,157.7039278304137,25,200,1
161.69230769230768,160.59167462545363,25,200,1
161.76923076923077,152.1735461684139,25,200,1
161.84615384615384,167.255911832505,25,200,1
161.92307692307693,134.6,25,200,1
162.0,161.26426997961963,25,200,1
162.07692307692307,134.6,25,200,1
162.15384615384616,134.6,25,200,1
162.23076923076923,134.6,25,200,1
162.30769230769232,153.3838266748273,25,200,1
162.3846153846154,135.3973622035886,25,200,1
162.46153846153845,134.6,25,200,1
162.53846153846155,166.28426735493454,25,200,1
162.6153846153846,167.16971205538016,25,200,1
162.69230769230768,170.41,25,200,1
162.76923076923077,167.03002010138349,25,200,1
162.84615384615384,136.24262184782114,25,200,1
162.92307692307693,163.7780081621138,25,200,1
163.0,134.6,25,200,1
163.07692307692307,156.46378146389134,25,200,1
163.15384615384616,148.73799594881757,25,200,1
163.23076923076923,134.6,25,200,1
163.30769230769232,136.0259225168296,25,200,1
163.3846153846154,160.14260794209355,25,200,1
163.46153846153845,134.6,25,200,1
163.53846153846155,166.85724634402527,25,200,1
163.6153846153846,170.41,25,200,1
163.69230769230768,134.6,25,200,1
163.76923076923077,161.4254519107998,25,200,1
163.84615384615384,170.41,25,200,1
163.92307692307693,151.80567527851014,25,200,1
164.0,134.6,25,200,1
164.07692307692307,168.32978936522815,25,200,1
164.15384615384616,170.41,25,200,1
164.23076923076923,147.36951551420606,25,200,1
164.30769230769232,141.53824666097753,25,200,1
164.3846153846154,137.95201511750486,25,200,1
164.46153846153845,140.6894378063154,25,200,1
164.53846153846155,160.47869860883384,25,200,1
164.6153846153846,148.91110151507056,25,200,1
164.69230769230768,170.41,25,200,1
164.76923076923077,170.41,25,200,1
164.84615384615384,163.44927534197097,25,200,1
164.92307692307693,135.30220829754143,25,200,1
165.0,170.41,25,200,1
165.07692307692307,571.2127653711538,25,200,1
165.15384615384616,154.7899643075241,25,200,1
165.23076923076923,134.6,25,200,1
165.30769230769232,141.87099055065812,25,200,1
165.3846153846154,170.41,25,200,1
165.46153846153845,146.4766132625159,25,200,1
165.53846153846155,170.41,25,200,1
165.6153846153846,152.33902455844398,25,200,1
165.69230769230768,157.42955951852863,25,200,1
165.76923076923077,144.50652121130028,25,200,1
165.84615384615384,154.6251510459808,25,200,1
165.92307692307693,170.41,25,200,1
166.0,145.4714186364526,25,200,1
166.07692307692307,165.7673284623125,25,200,1
166.15384615384616,170.0743842353235,25,200,1
166.23076923076923,170.41,25,200,1
166.30769230769232,134.6,25,200,1
166.3846153846154,139.06057427151458,25,200,1
166.46153846153845,134.6,25,200,1
166.53846153846155,698.8799378144962,25,200,1
166.6153846153846,144.67553045935355,25,200,1
166.69230769230768,170.41,25,200,1
166.76923076923077,152.74743137627766,25,200,1
166.84615384615384,134.76983648232687,25,200,1
166.92307692307693,154.52409597085577,25,200,1
167.0,134.6,25,200,1
167.07692307692307,170.41,25,200,1
167.15384615384616,164.0316828909565,25,200,1
167.23076923076923,143.27058979374775,25,200,1
167.30769230769232,155.8129865232919,25,200,1
167.3846153846154,170.41,25,200,1
167.46153846153845,170.41,25,200,1
167.53846153846155,170.41,25,200,1
167.6153846153846,170.41,25,200,1
167.69230769230768,416.70768387420804,25,200,1
167.76923076923077,134.6,25,200,1
167.84615384615384,170.41,25,200,1
167.92307692307693,159.3470052949993,25,200,1
168.0,134.6,25,200,1
168.07692307692307,134.6,25,200,1
168.15384615384616,139.80208655927416,25,200,1
168.23076923076923,170.41,25,200,1
168.30769230769232,149.824906083835,25,200,1
168.3846153846154,170.41,25,200,1
168.46153846153845,134.6,25,200,1
168.53846153846155,142.3486830478931,25,200,1
168.6153846153846,154.87076518279957,25,200,1
168.69230769230768,151.89135656121704,25,200,1
168.76923076923077,134.6,25,200,1
168.84615384615384,152.93756176262795,25,200,1
168.92307692307693,170.41,25,200,1
169.0,170.41,25,200,1
169.07692307692307,134.6,25,200,1
169.15384615384616,134.6,25,200,1
169.23076923076923,145.46226353435378,25,200,1
169.30769230769232,138.58921421963333,25,200,1
169.3846153846154,134.6,25,200,1
169.46153846153845,150.9170560336854,25,200,1
169.53846153846155,156.28462609383791,25,200,1
169.6153846153846,151.2161899198581,25,200,1
169.69230769230768,134.6,25,200,1
169.76923076923077,151.3044759625007,25,200,1
169.84615384615384,147.7020250406415,25,200,1
169.92307692307693,134.6,25,200,1
170.0,134.6,25,200,1
170.07692307692307,170.41,25,200,1
170.15384615384616,141.2185771824536,25,200,1
170.23076923076923,146.81645502762936,25,200,1
170.30769230769232,140.7388903289782,25,200,1
170.3846153846154,148.4650574298731,25,200,1
170.46153846153845,161.87337997457797,25,200,1
170.53846153846155,170.41,25,200,1
170.6153846153846,134.6,25,200,1
170.69230769230768,150.38568042575562,25,200,1
170.76923076923077,134.6,25,200,1
170.84615384615384,134.6,25,200,1
170.92307692307693,192.40574267595014,25,200,1
171.0,154.59641656644268,25,200,1
171.07692307692307,170.41,25,200,1
171.15384615384616,170.41,25,200,1
171.23076923076923,134.6,25,200,1
171.30769230769232,147.72161628619878,25,200,1
171.3846153846154,134.6,25,200,1
171.46153846153845,134.6,25,200,1
171.53846153846155,134.6,25,200,1
171.6153846153846,134.6,25,200,1
171.69230769230768,170.41,25,200,1
171.76923076923077,134.6,25,200,1
171.84615384615384,134.6,25,200,1
171.92307692307693,134.6,25,200,1
172.0,170.41,25,200,1
172.07692307692307,162.5894981795922,25,200,1
172.15384615384616,155.63487637528905,25,200,1
172.23076923076923,156.46631104925288,25,200,1
172.30769230769232,134.6,25,200,1
172.3846153846154,142.09978132906585,25,200,1
172.46153846153845,170.41,25,200,1
172.53846153846155,134.6,25,200,1
172.6153846153846,138.50449177017407,25,200,1
172.69230769230768,134.6,25,200,1
172.76923076923077,170.41,25,200,1
172.84615384615384,170.41,25,200,1
172.92307692307693,150.71111706396562,25,200,1
173.0,134.6,25,200,1
173.07692307692307,168.0185710339026,25,200,1
173.15384615384616,136.8001122301329,25,200,1
173.23076923076923,134.6,25,200,1
173.30769230769232,164.71669993363116,25,200,1
173.3846153846154,170.41,25,200,1
173.46153846153845,170.41,25,200,1
173.53846153846155,160.55226306341262,25,200,1
173.6153846153846,170.41,25,200,1
173.69230769230768,139.66895011273454,25,200,1
173.76923076923077,170.41,25,200,1
173.84615384615384,143.03025690434117,25,200,1
173.92307692307693,136.95154736664298,25,200,1
174.0,170.41,25,200,1
174.07692307692307,134.6,25,200,1
174.15384615384616,136.95277533063935,25,200,1
174.23076923076923,162.62452163802345,25,200,1
174.30769230769232,157.4918203923522,25,200,1
174.3846153846154,138.0869487386874,25,200,1
174.46153846153845,134.6,25,200,1
174.53846153846155,159.64060677206095,25,200,1
174.6153846153846,170.41,25,200,1
174.69230769230768,164.2158895465727,25,200,1
174.76923076923077,137.66852757995142,25,200,1
174.84615384615384,167.04949027466347,25,200,1
174.92307692307693,134.6,25,200,1
175.0,157.13834282927894,25,200,1
175.07692307692307,170.41,25,200,1
175.15384615384616,166.70707591565025,25,200,1
175.23076923076923,134.6,25,200,1
175.30769230769232,170.41,25,200,1
175.3846153846154,165.6326889322279,25,200,1
175.46153846153845,157.34863655723845,25,200,1
175.53846153846155,156.56006748313843,25,200,1
175.6153846153846,170.41,25,200,1
175.69230769230768,134.6,25,200,1
175.76923076923077,141.14249843378678,25,200,1
175.84615384615384,885.894072414349,25,200,1
175.92307692307693,134.6,25,200,1
176.0,155.5388590349184,25,200,1
176.07692307692307,134.6,25,200,1
176.15384615384616,170.41,25,200,1
176.23076923076923,772.3666690175185,25,200,1
176.30769230769232,531.9307410006506,25,200,1
176.3846153846154,155.15240393173056,25,200,1
176.46153846153845,156.5182482963642,25,200,1
176.53846153846155,170.41,25,200,1
176.6153846153846,134.6,25,200,1
176.69230769230768,134.6,25,200,1
176.76923076923077,138.55148054854703,25,200,1
176.84615384615384,170.41,25,200,1
176.92307692307693,134.6,25,200,1
177.0,134.6,25,200,1
177.07692307692307,140.70693696907443,25,200,1
177.15384615384616,134.6,25,200,1
177.23076923076923,153.87990261054188,25,200,1
177.30769230769232,170.41,25,200,1
177.3846153846154,134.6,25,200,1
177.46153846153845,140.7056566366549,25,200,1
177.53846153846155,143.22500813506326,25,200,1
177.6153846153846,134.6,25,200,1
177.69230769230768,134.6,25,200,1
177.76923076923077,134.6,25,200,1
177.84615384615384,134.6,25,200,1
177.92307692307693,146.86892599575282,25,200,1
178.0,170.41,25,200,1
178.07692307692307,361.2051079704428,25,200,1
178.15384615384616,134.6,25,200,1
178.23076923076923,169.33641429977274,25,200,1
178.30769230769232,144.38898720892746,25,200,1
178.3846153846154,136.9793351753107,25,200,1
178.46153846153845,134.6,25,200,1
178.53846153846155,138.3153389142351,25,200,1
178.6153846153846,134.6,25,200,1
178.69230769230768,170.41,25,200,1
178.76923076923077,134.6,25,200,1
178.84615384615384,150.74397400177483,25,200,1
178.92307692307693,134.6,25,200,1
179.0,149.00836625516865,25,200,1
179.07692307692307,166.53280941114667,25,200,1
179.15384615384616,134.6,25,200,1
179.23076923076923,140.4411623723903,25,200,1
179.30769230769232,134.6,25,200,1
179.3846153846154,134.6,25,200,1
179.46153846153845,134.6,25,200,1
179.53846153846155,137.09164842755328,25,200,1
179.6153846153846,143.8055065690194,25,200,1
179.69230769230768,134.6,25,200,1
179.76923076923077,134.6,25,200,1
179.84615384615384,136.33577200515967,25,200,1
179.92307692307693,161.35426339904458,25,200,1
180.0,159.59626132607508,25,200,1
180.07692307692307,134.6,25,200,1
180.15384615384616,134.6,25,200,1
180.23076923076923,169.1504669627801,25,200,1
180.30769230769232,144.78327874653553,25,200,1
180.3846153846154,145.86579981103876,25,200,1
180.46153846153845,134.6,25,200,1
180.53846153846155,144.29306488299082,25,200,1
180.6153846153846,134.6,25,200,1
180.69230769230768,148.52588696732104,25,200,1
180.76923076923077,170.41,25,200,1
180.84615384615384,151.44963910037663,25,200,1
180.92307692307693,134.6,25,200,1
181.0,134.6,25,200,1
181.07692307692307,134.6,25,200,1
181.15384615384616,170.41,25,200,1
181.23076923076923,170.41,25,200,1
181.30769230769232,739.5187224054696,25,200,1
181.3846153846154,136.6504994408085,25,200,1
181.46153846153845,170.41,25,200,1
181.53846153846155,145.06214847954323,25,200,1
181.6153846153846,134.6,25,200,1
181.69230769230768,153.81539019640456,25,200,1
181.76923076923077,134.6,25,200,1
181.84615384615384,134.6,25,200,1
181.92307692307693,134.6,25,200,1
182.0,142.12723730029958,25,200,1
182.07692307692307,144.66874355616795,25,200,1
182.15384615384616,170.41,25,200,1
182.23076923076923,134.6,25,200,1
182.30769230769232,134.6,25,200,1
182.3846153846154,134.6,25,200,1
182.46153846153845,170.41,25,200,1
182.53846153846155,134.6,25,200,1
182.6153846153846,143.55226296692186,25,200,1
182.69230769230768,145.61425625968008,25,200,1
182.76923076923077,144.11303164353808,25,200,1
182.84615384615384,510.293153749486,25,200,1
182.92307692307693,170.41,25,200,1
183.0,134.6,25,200,1
183.07692307692307,170.41,25,200,1
183.15384615384616,170.41,25,200,1
183.23076923076923,168.21424270718856,25,200,1
183.30769230769232,170.41,25,200,1
183.3846153846154,134.6,25,200,1
183.46153846153845,170.41,25,200,1
183.53846153846155,150.34522654046083,25,200,1
183.6153846153846,160.7482234913935,25,200,1
183.69230769230768,141.38137409411001,25,200,1
183.76923076923077,135.58079056804337,25,200,1
183.84615384615384,158.93599738967697,25,200,1
183.92307692307693,134.66051135086454,25,200,1
184.0,134.6,25,200,1
184.07692307692307,157.7352413638609,25,200,1
184.15384615384616,134.6,25,200,1
184.23076923076923,137.51839688258514,25,200,1
184.30769230769232,170.41,25,200,1
184.3846153846154,134.6,25,200,1
184.46153846153845,170.41,25,200,1
184.53846153846155,138.77009434395848,25,200,1
184.6153846153846,134.6,25,200,1
184.69230769230768,134.6,25,200,1
184.76923076923077,169.34377039653575,25,200,1
184.84615384615384,170.41,25,200,1
184.92307692307693,134.6,25,200,1
185.0,154.36317772899832,25,200,1
185.07692307692307,136.5503007748593,25,200,1
185.15384615384616,142.04030638093673,25,200,1
185.23076923076923,170.41,25,200,1
185.30769230769232,146.36306735830703,25,200,1
185.3846153846154,154.06545108771738,25,200,1
185.46153846153845,167.12128316389806,25,200,1
185.53846153846155,160.74446633958198,25,200,1
185.6153846153846,159.3541877847855,25,200,1
185.69230769230768,134.89221088524766,25,200,1
185.76923076923077,140.0633409188487,25,200,1
185.84615384615384,134.6,25,200,1
185.92307692307693,959.4214825192086,25,200,1
186.0,134.6,25,200,1
186.07692307692307,170.41,25,200,1
186.15384615384616,170.41,25,200,1
186.23076923076923,170.41,25,200,1
186.30769230769232,134.6,25,200,1
186.3846153846154,134.6,25,200,1
186.46153846153845,147.25880998583045,25,200,1
186.53846153846155,134.6,25,200,1
186.6153846153846,134.6,25,200,1
186.69230769230768,134.6,25,200,1
186.76923076923077,134.6,25,200,1
186.84615384615384,170.41,25,200,1
186.92307692307693,134.6,25,200,1
187.0,149.488730370428,25,200,1
187.07692307692307,134.6,25,200,1
187.15384615384616,138.71122983671057,25,200,1
187.23076923076923,134.6,25,200,1
187.30769230769232,134.6,25,200,1
187.3846153846154,150.92596849138494,25,200,1
187.46153846153845,134.6,25,200,1
187.53846153846155,136.98177809452477,25,200,1
187.6153846153846,932.0382973832736,25,200,1
187.69230769230768,134.6,25,200,1
187.76923076923077,134.6,25,200,1
187.84615384615384,146.65726762318866,25,200,1
187.92307692307693,160.02212250385972,25,200,1
188.0,170.41,25,200,1
188.07692307692307,134.6,25,200,1
188.15384615384616,156.84763303237443,25,200,1
188.23076923076923,159.66254860086843,25,200,1
188.30769230769232,158.41329355152425,25,200,1
188.3846153846154,134.6,25,200,1
188.46153846153845,151.06552684582965,25,200,1
188.53846153846155,165.7886791378085,25,200,1
188.6153846153846,134.6,25,200,1
188.69230769230768,139.3580480152472,25,200,1
188.76923076923077,134.6,25,200,1
188.84615384615384,147.2207773574328,25,200,1
188.92307692307693,137.49713424437965,25,200,1
189.0,170.41,25,200,1
189.07692307692307,170.41,25,200,1
189.15384615384616,170.41,25,200,1
189.23076923076923,157.23396060139268,25,200,1
189.30769230769232,134.6,25,200,1
189.3846153846154,148.10137051681525,25,200,1
189.46153846153845,134.6,25,200,1
189.53846153846155,158.99002995149644,25,200,1
189.6153846153846,170.41,25,200,1
189.69230769230768,637.1363635667562,25,200,1
189.76923076923077,134.6,25,200,1
189.84615384615384,205.23484390651024,25,200,1
189.92307692307693,134.6,25,200,1
190.0,170.41,25,200,1
190.07692307692307,134.6,25,200,1
190.15384615384616,166.79425959373538,25,200,1
190.23076923076923,134.6,25,200,1
190.30769230769232,157.03513974705942,25,200,1
190.3846153846154,169.10159719398075,25,200,1
190.46153846153845,150.42015475757103,25,200,1
190.53846153846155,139.07803582465743,25,200,1
190.6153846153846,134.6,25,200,1
190.69230769230768,148.74691116154602,25,200,1
190.76923076923077,134.6,25,200,1
190.84615384615384,1008.6595894317691,25,200,1
190.92307692307693,136.66558062127407,25,200,1
191.0,170.41,25,200,1
191.07692307692307,170.41,25,200,1
191.15384615384616,142.02135689080276,25,200,1
191.23076923076923,155.41030748635922,25,200,1
191.30769230769232,134.6,25,200,1
191.3846153846154,134.6,25,200,1
191.46153846153845,154.13540815631168,25,200,1
191.53846153846155,134.6,25,200,1
191.6153846153846,424.1242456504691,25,200,1
191.69230769230768,170.41,25,200,1
191.76923076923077,134.6,25,200,1
191.84615384615384,157.55560235044746,25,200,1
191.92307692307693,168.919449907245,25,200,1
192.0,170.41,25,200,1
192.07692307692307,134.6,25,200,1
192.15384615384616,170.41,25,200,1
192.23076923076923,134.6,25,200,1
192.30769230769232,161.26201906155308,25,200,1
192.3846153846154,134.6,25,200,1
192.46153846153845,170.41,25,200,1
192.53846153846155,170.41,25,200,1
192.6153846153846,134.6,25,200,1
192.69230769230768,144.16568505865973,25,200,1
192.76923076923077,155.3690834332207,25,200,1
192.84615384615384,134.6,25,200,1
192.92307692307693,170.41,25,200,1
193.0,151.75968323050654,25,200,1
193.07692307692307,134.6,25,200,1
193.15384615384616,134.6,25,200,1
193.23076923076923,134.6,25,200,1
193.30769230769232,134.6,25,200,1
193.3846153846154,134.6,25,200,1
193.46153846153845,170.41,25,200,1
193.53846153846155,134.6,25,200,1
193.6153846153846,170.41,25,200,1
193.69230769230768,147.83615425213983,25,200,1
193.76923076923077,143.41879054399408,25,200,1
193.84615384615384,134.6,25,200,1
193.92307692307693,151.8985752051517,25,200,1
194.0,162.8731203918403,25,200,1
194.07692307692307,170.41,25,200,1
194.15384615384616,155.12735853462578,25,200,1
194.23076923076923,163.95355595123317,25,200,1
194.30769230769232,170.41,25,200,1
194.3846153846154,145.44479013173725,25,200,1
194.46153846153845,166.98208924442034,25,200,1
194.53846153846155,156.4448786930272,25,200,1
194.6153846153846,134.6,25,200,1
194.69230769230768,144.1897802974684,25,200,1
194.76923076923077,134.6,25,200,1
194.84615384615384,170.41,25,200,1
194.92307692307693,170.41,25,200,1
195.0,140.19258166876034,25,200,1
195.07692307692307,136.86697267614292,25,200,1
195.15384615384616,134.6,25,200,1
195.23076923076923,134.6,25,200,1
195.30769230769232,169.8258739396565,25,200,1
195.3846153846154,134.6,25,200,1
195.46153846153845,170.41,25,200,1
195.53846153846155,134.6,25,200,1
195.6153846153846,166.84506507227388,25,200,1
195.69230769230768,170.41,25,200,1
195.76923076923077,145.65349717548264,25,200,1
195.84615384615384,137.62568105557392,25,200,1
195.92307692307693,157.61351969852385,25,200,1
196.0,134.6,25,200,1
196.07692307692307,151.69744880524598,25,200,1
196.15384615384616,134.6,25,200,1
196.23076923076923,163.73745428491273,25,200,1
196.30769230769232,170.41,25,200,1
196.3846153846154,170.41,25,200,1
196.46153846153845,134.6,25,200,1
196.53846153846155,134.6,25,200,1
196.6153846153846,165.545946849785,25,200,1
196.69230769230768,134.6,25,200,1
196.76923076923077,134.6,25,200,1
196.84615384615384,558.6436102676914,25,200,1
196.92307692307693,163.15375560394955,25,200,1
197.0,134.6,25,200,1
197.07692307692307,156.31815026790568,25,200,1
197.15384615384616,160.77821712934727,25,200,1
197.23076923076923,761.8900093231965,25,200,1
197.30769230769232,134.6,25,200,1
197.3846153846154,153.46610498436038,25,200,1
197.46153846153845,134.6,25,200,1
197.53846153846155,134.6,25,200,1
197.6153846153846,134.6,25,200,1
197.69230769230768,153.45630048965577,25,200,1
197.76923076923077,170.41,25,200,1
197.84615384615384,170.41,25,200,1
197.92307692307693,170.41,25,200,1
198.0,165.75700448341968,25,200,1
198.07692307692307,170.41,25,200,1
198.15384615384616,160.5080040257206,25,200,1
198.23076923076923,170.41,25,200,1
198.30769230769232,170.41,25,200,1
198.3846153846154,170.41,25,200,1
198.46153846153845,166.8603691247892,25,200,1
198.53846153846155,134.6,25,200,1
198.6153846153846,134.6,25,200,1
198.69230769230768,168.61978761032424,25,200,1
198.76923076923077,153.09778398559303,25,200,1
198.84615384615384,170.41,25,200,1
198.92307692307693,170.41,25,200,1
199.0,155.59774622817702,25,200,1
199.07692307692307,170.41,25,200,1
199.15384615384616,134.6,25,200,1
199.23076923076923,146.07841299011275,25,200,1
199.30769230769232,149.8942065587927,25,200,1
199.3846153846154,157.90925821414737,25,200,1
199.46153846153845,169.83325634408416,25,200,1
199.53846153846155,145.2474543268511,25,200,1
199.6153846153846,169.9201459666138,25,200,1
199.69230769230768,155.6791208729284,25,200,1
199.76923076923077,164.07609264158253,25,200,1
199.84615384615384,134.6,25,200,1
199.92307692307693,134.6,25,200,1
200.0,170.41,25,200,1
200.07692307692307,134.6,25,200,1
200.15384615384616,135.395117351703,25,200,1
200.23076923076923,162.65525166651727,25,200,1
200.30769230769232,134.6,25,200,1
200.3846153846154,134.6,25,200,1
200.46153846153845,170.41,25,200,1
200.53846153846155,134.6,25,200,1
200.6153846153846,170.41,25,200,1
200.69230769230768,149.73758456702558,25,200,1
200.76923076923077,149.53706078269195,25,200,1
200.84615384615384,134.6,25,200,1
200.92307692307693,144.54427502741808,25,200,1
201.0,138.07910115908146,25,200,1
201.07692307692307,134.6,25,200,1
201.15384615384616,134.6,25,200,1
201.23076923076923,134.6,25,200,1
201.30769230769232,449.7897465048625,25,200,1
201.3846153846154,170.41,25,200,1
201.46153846153845,162.24499985506156,25,200,1
201.53846153846155,144.16906459522275,25,200,1
201.6153846153846,134.6,25,200,1
201.69230769230768,153.16095630788243,25,200,1
201.76923076923077,170.41,25,200,1
201.84615384615384,170.41,25,200,1
201.92307692307693,144.30425752573896,25,200,1
202.0,137.53000820536815,25,200,1
202.07692307692307,134.6,25,200,1
202.15384615384616,170.41,25,200,1
202.23076923076923,170.41,25,200,1
202.30769230769232,147.07063840660123,25,200,1
202.3846153846154,134.6,25,200,1
202.46153846153845,170.41,25,200,1
202.53846153846155,134.6,25,200,1
202.6153846153846,134.6,25,200,1
202.69230769230768,134.6991809009125,25,200,1
202.76923076923077,134.6,25,200,1
202.84615384615384,134.6,25,200,1
202.92307692307693,170.41,25,200,1
203.0,170.41,25,200,1
203.07692307692307,147.00582802218963,25,200,1
203.15384615384616,134.6,25,200,1
203.23076923076923,134.69925171937743,25,200,1
203.30769230769232,134.6,25,200,1
203.3846153846154,140.98213905822286,25,200,1
203.46153846153845,170.41,25,200,1
203.53846153846155,164.3970757520417,25,200,1
203.6153846153846,139.12857923779688,25,200,1
203.69230769230768,157.56143564250033,25,200,1
203.76923076923077,138.06351442402024,25,200,1
203.84615384615384,134.6,25,200,1
203.92307692307693,150.45413019271567,25,200,1
204.0,142.44237222376782,25,200,1
204.07692307692307,134.6,25,200,1
204.15384615384616,134.6,25,200,1
204.23076923076923,163.71314027784257,25,200,1
204.30769230769232,134.6,25,200,1
204.3846153846154,138.23459979798594,25,200,1
204.46153846153845,170.41,25,200,1
204.53846153846155,134.6,25,200,1
204.6153846153846,170.41,25,200,1
204.69230769230768,170.41,25,200,1
204.76923076923077,134.6,25,200,1
204.84615384615384,153.048607567877,25,200,1
204.92307692307693,138.10001443139214,25,200,1
205.0,170.41,25,200,1
205.07692307692307,170.41,25,200,1
205.15384615384616,143.4248980895043,25,200,1
205.23076923076923,134.6,25,200,1
205.30769230769232,150.57965384521268,25,200,1
205.3846153846154,134.6,25,200,1
205.46153846153845,134.6,25,200,1
205.53846153846155,141.70068064361914,25,200,1
205.6153846153846,170.41,25,200,1
205.69230769230768,134.6,25,200,1
205.76923076923077,134.6,25,200,1
205.84615384615384,170.41,25,200,1
205.92307692307693,170.41,25,200,1
206.0,134.6,25,200,1
206.07692307692307,170.41,25,200,1
206.15384615384616,134.6,25,200,1
206.23076923076923,166.99026960685106,25,200,1
206.30769230769232,170.41,25,200,1
206.3846153846154,145.73083306080318,25,200,1
206.46153846153845,134.6,25,200,1
206.53846153846155,134.6,25,200,1
206.6153846153846,170.41,25,200,1
206.69230769230768,134.6,25,200,1
206.76923076923077,169.4639464892247,25,200,1
206.84615384615384,1038.7583382534197,25,200,1
206.92307692307693,135.64454197295913,25,200,1
207.0,157.80947887562075,25,200,1
207.07692307692307,134.6,25,200,1
207.15384615384616,170.41,25,200,1
207.23076923076923,167.46837339293427,25,200,1
207.30769230769232,170.41,25,200,1
207.3846153846154,170.41,25,200,1
207.46153846153845,183.57712993962568,25,200,1
207.53846153846155,170.41,25,200,1
207.6153846153846,134.6,25,200,1
207.69230769230768,134.6,25,200,1
207.76923076923077,169.2346989663438,25,200,1
207.84615384615384,134.6,25,200,1
207.92307692307693,136.1806246832179,25,200,1
208.0,143.77790193342778,25,200,1
208.07692307692307,642.1966807222683,25,200,1
208.15384615384616,170.41,25,200,1
208.23076923076923,170.41,25,200,1
208.30769230769232,158.92323048302956,25,200,1
208.3846153846154,134.6,25,200,1
208.46153846153845,161.95265458905985,25,200,1
208.53846153846155,134.6,25,200,1
208.6153846153846,170.41,25,200,1
208.69230769230768,134.6,25,200,1
208.76923076923077,156.64632774383267,25,200,1
208.84615384615384,170.41,25,200,1
208.92307692307693,501.54043210163195,25,200,1
209.0,134.6,25,200,1
209.07692307692307,648.1141388338864,25,200,1
209.15384615384616,170.41,25,200,1
209.23076923076923,190.08857517926162,25,200,1
209.30769230769232,170.41,25,200,1
209.3846153846154,170.41,25,200,1
209.46153846153845,152.98929727516867,25,200,1
209.53846153846155,134.6,25,200,1
209.6153846153846,170.41,25,200,1
209.69230769230768,134.6,25,200,1
209.76923076923077,134.6,25,200,1
209.84615384615384,134.6,25,200,1
209.92307692307693,140.5174971434904,25,200,1
